41073,61967,50057,50331,,,,43030340,44488654,43987645,43459813,
26275,24306,25677,23821,,,,42224824,44432533,42568273,42064943,
23507,22690,22598,22100,,,,41736596,44434234,41848812,41418123,
21628,22225,21961,22055,,,,41383146,44413569,41460641,41137011,
21578,21261,22133,22536,,,,41224840,44383883,41179321,40902147,
22427,21541,20876,21669,,,,,,,,
40612,59935,50114,51362,,,,,,,,
25665,23489,25789,23590,,,,28.68689333,29.65910267,29.32509667,28.97320867,10%
22278,22466,22342,21399,,,,28.14988267,29.62168867,28.37884867,28.04329533,30%
21865,21781,21833,22229,,,,27.82439733,29.62282267,27.899208,27.612082,50%
21892,22106,21590,20793,,,,27.588764,29.609046,27.64042733,27.424674,70%
22000,21909,20980,21416,,,,27.48322667,29.58925533,27.45288067,27.268098,90%
42309,60999,50961,50337,,,,,,,,
23817,24345,25690,24834,,,,,,,,文獻[7]
23282,21943,23431,21098,,,,,,,,被動式
21451,22452,21718,21802,,,,,,,,主動式
22284,22471,21781,21172,,,,,,,,混合式
22179,22367,21940,22232,,,,,,,,
41023,61095,51544,51356,,,,,,,,
26247,23024,25726,24248,,,,,,,,
23150,22549,21854,22802,,,,,,,,
21701,21809,21957,21919,,,,,,,,
21196,21165,20634,22107,,,,,,,,
21510,21618,21671,21624,,,,,,,,
43231,59627,49832,52732,,,,,,,,
25649,23846,25838,24227,,,,,,,,
22532,21807,23623,22170,,,,,,,,
21990,22393,22215,21956,,,,,,,,
21172,21394,21901,21983,,,,,,,,
21644,21594,21559,21540,,,,,,,,
47515,69139,54488,57387,,,,,,,,
29889,28007,30996,27400,,,,,,,,
27768,26288,28388,27211,,,,,,,,
26414,26185,26150,26240,,,,,,,,
26674,26837,27342,26474,,,,,,,,
25969,26555,26967,27465,,,,,,,,
46583,67238,56653,55912,,,,,,,,
30664,28937,29568,28041,,,,,,,,
27371,27181,27643,26204,,,,,,,,
27640,26060,26547,26588,,,,,,,,
27016,26826,27327,27246,,,,,,,,
27129,27363,26269,28267,,,,,,,,
46292,69675,55249,55903,,,,,,,,
30711,28527,30667,28477,,,,,,,,
28266,27521,28438,26649,,,,,,,,
26801,26024,27281,26715,,,,,,,,
26745,27126,27070,27803,,,,,,,,
26720,26233,27274,26324,,,,,,,,
48243,65275,53446,56884,,,,,,,,
30903,27452,30045,28513,,,,,,,,
26970,27306,27349,26404,,,,,,,,
27176,28330,26940,26252,,,,,,,,
26937,26659,27132,26430,,,,,,,,
26615,28510,25844,26665,,,,,,,,
46414,65145,56860,54291,,,,,,,,
30616,28409,30676,28493,,,,,,,,
27275,27383,27014,27268,,,,,,,,
26456,26760,27183,26143,,,,,,,,
26885,26393,26369,27056,,,,,,,,
26744,26524,27711,26754,,,,,,,,
50079,70870,59552,62412,,,,,,,,
35940,33406,35233,32894,,,,,,,,
32490,31359,33331,31306,,,,,,,,
32054,30723,31484,32191,,,,,,,,
31164,30628,31114,31496,,,,,,,,
31229,31557,30647,31354,,,,,,,,
50426,73066,59564,62375,,,,,,,,
34979,33854,35012,32744,,,,,,,,
32574,30221,32408,30942,,,,,,,,
31067,31369,32244,31912,,,,,,,,
31259,31149,31291,30587,,,,,,,,
31512,31990,32136,32926,,,,,,,,
50884,70415,59277,59312,,,,,,,,
35571,33947,35914,34100,,,,,,,,
32800,31151,32303,31100,,,,,,,,
31372,30770,33141,32746,,,,,,,,
30553,31426,30955,31219,,,,,,,,
32477,31585,31038,30615,,,,,,,,
51121,70300,61079,59439,,,,,,,,
36270,33498,35476,33336,,,,,,,,
32550,31626,32313,30798,,,,,,,,
31811,31064,31461,31380,,,,,,,,
32054,31522,31071,31659,,,,,,,,
31096,31261,30559,31713,,,,,,,,
51694,69923,60610,59497,,,,,,,,
36012,33877,36506,32909,,,,,,,,
32221,32468,32132,30947,,,,,,,,
31771,32348,31933,30719,,,,,,,,
32524,31819,32119,31791,,,,,,,,
31703,30907,31342,31324,,,,,,,,
58110,77234,66111,65145,,,,,,,,
40075,39418,40166,37482,,,,,,,,
38370,35936,37768,36374,,,,,,,,
36344,35784,36581,35703,,,,,,,,
36518,36556,36690,35949,,,,,,,,
36353,35798,35725,36823,,,,,,,,
56653,75179,65982,66467,,,,,,,,
40675,38204,41013,37330,,,,,,,,
37953,36843,38069,35424,,,,,,,,
36868,36500,36526,36540,,,,,,,,
36045,37071,36820,37189,,,,,,,,
36044,35889,36019,35241,,,,,,,,
54345,76037,67280,65601,,,,,,,,
40967,37467,40122,38531,,,,,,,,
37426,36911,36603,35158,,,,,,,,
36529,36166,36327,35540,,,,,,,,
36214,37660,36557,37009,,,,,,,,
35948,36344,36637,35201,,,,,,,,
54497,77482,65538,64698,,,,,,,,
40001,39666,40356,38641,,,,,,,,
38295,36178,37876,35464,,,,,,,,
36965,36577,35829,37032,,,,,,,,
36137,36029,35523,35664,,,,,,,,
35527,35166,35887,35608,,,,,,,,
54958,75129,62468,66697,,,,,,,,
40441,38353,40005,38110,,,,,,,,
37274,35709,37350,35716,,,,,,,,
36439,36427,37252,35077,,,,,,,,
35824,36051,36190,36812,,,,,,,,
37137,36618,35969,35585,,,,,,,,
60200,80629,69466,71803,,,,,,,,
45004,41294,45124,44506,,,,,,,,
43232,41119,41293,40684,,,,,,,,
41558,41345,41210,40637,,,,,,,,
41602,40595,41472,39961,,,,,,,,
41071,40060,40652,41018,,,,,,,,
60810,83154,70789,68807,,,,,,,,
45192,41912,44943,42182,,,,,,,,
42999,40982,42763,40639,,,,,,,,
40731,39750,41500,41082,,,,,,,,
41254,40573,40939,40409,,,,,,,,
40322,40791,40157,41197,,,,,,,,
63045,78912,69996,67955,,,,,,,,
44387,42495,44427,43420,,,,,,,,
42039,40858,42693,41145,,,,,,,,
41663,40889,42890,42138,,,,,,,,
41015,40883,41357,40784,,,,,,,,
41853,40948,41182,41487,,,,,,,,
61572,81228,69819,70437,,,,,,,,
46043,43201,46494,42817,,,,,,,,
43366,41445,41857,40588,,,,,,,,
41527,40998,41511,42081,,,,,,,,
40815,40189,41349,41181,,,,,,,,
40291,41763,40000,40591,,,,,,,,
61443,80223,71143,71121,,,,,,,,
44778,42875,44270,42590,,,,,,,,
42159,40987,42027,41638,,,,,,,,
41527,40681,41057,40785,,,,,,,,
40474,42671,41297,41764,,,,,,,,
40255,41407,40092,41339,,,,,,,,
67048,87716,73970,73188,,,,,,,,
50575,46540,49831,48387,,,,,,,,
46478,45837,46620,46272,,,,,,,,
47661,45721,46852,45780,,,,,,,,
45705,46459,45212,44606,,,,,,,,
46101,46109,46228,45594,,,,,,,,
67403,87858,76874,75456,,,,,,,,
50752,48589,50513,46593,,,,,,,,
48309,45431,46985,45896,,,,,,,,
45488,44900,46643,45990,,,,,,,,
47402,45525,46020,45938,,,,,,,,
46019,45681,45236,45466,,,,,,,,
64744,84662,75825,75994,,,,,,,,
49410,48373,51189,47820,,,,,,,,
46119,46940,46438,44827,,,,,,,,
46970,45097,44516,46179,,,,,,,,
44990,45016,46563,45328,,,,,,,,
45009,45802,46348,45853,,,,,,,,
66086,85257,75371,76740,,,,,,,,
50509,48231,50387,47155,,,,,,,,
46903,44958,47609,46797,,,,,,,,
48103,45045,46897,46591,,,,,,,,
47211,45476,45403,46159,,,,,,,,
46055,45927,46523,46123,,,,,,,,
65611,85574,76708,76420,,,,,,,,
49863,46828,50235,46874,,,,,,,,
46421,45198,47365,45786,,,,,,,,
46248,45034,46173,45029,,,,,,,,
46244,45595,46004,44799,,,,,,,,
45526,45281,45577,46005,,,,,,,,
70698,88066,79313,78629,,,,,,,,
54788,52861,54544,51566,,,,,,,,
52617,49352,51372,49960,,,,,,,,
50878,50416,50715,49332,,,,,,,,
49517,49211,50811,50001,,,,,,,,
50807,50538,50784,50215,,,,,,,,
70602,89991,81326,79485,,,,,,,,
54530,51820,55046,51934,,,,,,,,
51153,49333,51379,49944,,,,,,,,
50291,51360,51141,50176,,,,,,,,
49805,50289,51590,50764,,,,,,,,
50847,50896,49918,51263,,,,,,,,
70817,90375,79485,81719,,,,,,,,
54199,51583,55669,51565,,,,,,,,
50888,51923,52670,50273,,,,,,,,
51207,49480,51102,49718,,,,,,,,
50654,50729,52072,51731,,,,,,,,
51920,50586,49007,50973,,,,,,,,
71985,91706,80258,78332,,,,,,,,
55102,51381,55437,53552,,,,,,,,
52700,50917,51443,51777,,,,,,,,
50738,50341,50236,50011,,,,,,,,
50119,50991,51060,50750,,,,,,,,
49857,50955,49529,49740,,,,,,,,
71011,92215,79987,79039,,,,,,,,
54316,53734,55185,52247,,,,,,,,
52222,49505,52078,49696,,,,,,,,
51700,49769,51168,50960,,,,,,,,
49994,51517,51241,51333,,,,,,,,
50242,51361,51112,51010,,,,,,,,
75445,92861,83513,85048,,,,,,,,
59623,56170,59636,56688,,,,,,,,
55422,55934,56853,55683,,,,,,,,
54486,54619,56577,53871,,,,,,,,
54689,55471,56038,55775,,,,,,,,
55831,54818,55505,54985,,,,,,,,
76120,92475,84580,83070,,,,,,,,
59308,57194,59971,56985,,,,,,,,
56722,54180,57887,55439,,,,,,,,
54918,55960,56634,55632,,,,,,,,
54969,55101,54615,56148,,,,,,,,
55266,55176,55537,55785,,,,,,,,
74926,95027,84125,84478,,,,,,,,
59553,57801,60790,56500,,,,,,,,
57133,56570,56760,55302,,,,,,,,
56358,56111,55600,56213,,,,,,,,
56350,54476,55112,55975,,,,,,,,
54588,54512,54988,54501,,,,,,,,
74717,93863,84509,84581,,,,,,,,
60044,55926,58886,57334,,,,,,,,
57580,56065,56974,54814,,,,,,,,
54758,55250,55677,54679,,,,,,,,
55382,54666,54780,56011,,,,,,,,
55961,55501,56103,53690,,,,,,,,
75059,95594,85050,85509,,,,,,,,
59715,57359,59380,58063,,,,,,,,
56952,54559,56971,55696,,,,,,,,
56069,55247,55036,56910,,,,,,,,
54348,55418,55725,55204,,,,,,,,
55603,54604,55557,54731,,,,,,,,
79639,98061,90854,89611,,,,,,,,
65239,61767,65035,61628,,,,,,,,
62054,59059,61275,59577,,,,,,,,
59663,60389,61010,59551,,,,,,,,
60264,59856,60247,60180,,,,,,,,
60741,61479,59929,59064,,,,,,,,
79359,98815,90216,88331,,,,,,,,
64829,61322,65687,61029,,,,,,,,
62889,59841,62233,59920,,,,,,,,
60131,60491,59904,59843,,,,,,,,
59927,60781,60658,59707,,,,,,,,
60560,59522,61664,60561,,,,,,,,
79287,102231,89596,89634,,,,,,,,
64613,63123,64125,63939,,,,,,,,
62305,60344,61837,60364,,,,,,,,
60832,59696,60955,59975,,,,,,,,
59804,59359,60098,60685,,,,,,,,
59792,60146,59308,58667,,,,,,,,
79743,100114,91174,89888,,,,,,,,
64558,61266,64686,61113,,,,,,,,
61611,61424,61874,60218,,,,,,,,
60813,60464,62545,59853,,,,,,,,
60665,59559,60362,59648,,,,,,,,
60348,60176,61538,60425,,,,,,,,
80534,100052,87961,90192,,,,,,,,
64842,61980,65018,62718,,,,,,,,
61323,61196,62167,60935,,,,,,,,
60623,60827,59765,60323,,,,,,,,
60161,60109,59466,60851,,,,,,,,
60183,59253,60524,58990,,,,,,,,
85113,104937,92529,94524,,,,,,,,
69749,67311,68078,67339,,,,,,,,
67526,64214,66156,65393,,,,,,,,
65384,64026,64251,64960,,,,,,,,
64341,64180,66265,64078,,,,,,,,
64166,65078,65780,66576,,,,,,,,
86191,103704,94227,92600,,,,,,,,
69801,66437,69808,66642,,,,,,,,
67536,65177,66583,64306,,,,,,,,
65327,64454,66568,63889,,,,,,,,
65603,64408,63939,65204,,,,,,,,
64634,64595,63239,63977,,,,,,,,
85256,103595,94071,93443,,,,,,,,
69213,66968,69566,65991,,,,,,,,
67047,65512,67067,65451,,,,,,,,
63209,65444,65790,64754,,,,,,,,
65229,62115,65551,64039,,,,,,,,
65824,64917,64410,66018,,,,,,,,
84107,105677,95886,94804,,,,,,,,
70073,66206,68828,67316,,,,,,,,
67105,64502,66694,64398,,,,,,,,
64816,64792,66112,64599,,,,,,,,
65402,65234,64552,65580,,,,,,,,
65339,63779,65286,63673,,,,,,,,
85220,103049,92932,95578,,,,,,,,
70206,66407,70191,67444,,,,,,,,
67079,65667,66110,64241,,,,,,,,
65302,63829,66078,64831,,,,,,,,
64754,64989,66021,66061,,,,,,,,
64316,65467,65003,63716,,,,,,,,
89246,111131,97578,97172,,,,,,,,
73928,71484,74217,71839,,,,,,,,
70679,70123,69842,69675,,,,,,,,
70299,70148,70351,70842,,,,,,,,
69255,69761,69018,69475,,,,,,,,
69633,69290,68667,69730,,,,,,,,
89941,108528,99451,99517,,,,,,,,
74137,72523,74569,71285,,,,,,,,
72217,68462,72706,70529,,,,,,,,
71883,69660,71280,68744,,,,,,,,
69790,69968,69265,69696,,,,,,,,
69986,69619,68439,71066,,,,,,,,
90812,107543,98220,98326,,,,,,,,
75595,71306,74532,71439,,,,,,,,
70478,70415,71364,69339,,,,,,,,
69716,69620,70810,70096,,,,,,,,
68917,68180,70041,69764,,,,,,,,
68588,68717,69992,69494,,,,,,,,
89047,108072,99397,98497,,,,,,,,
73134,70835,74024,71602,,,,,,,,
71759,69249,71452,70169,,,,,,,,
71237,69550,71709,69315,,,,,,,,
69534,69123,70200,68714,,,,,,,,
69976,68959,69910,69536,,,,,,,,
88504,108173,97644,97694,,,,,,,,
74153,72048,75240,72317,,,,,,,,
71327,69033,72134,70150,,,,,,,,
69900,69779,70701,68924,,,,,,,,
69272,69675,70550,69833,,,,,,,,
70399,70473,69792,69953,,,,,,,,
94182,114192,103532,103461,,,,,,,,
78671,76919,80684,76646,,,,,,,,
75739,75864,74546,74934,,,,,,,,
74644,74213,75484,74847,,,,,,,,
75002,75238,75462,74709,,,,,,,,
74996,73813,74611,74178,,,,,,,,
95511,112482,103952,102547,,,,,,,,
78937,77279,80171,76031,,,,,,,,
76223,73593,75850,75143,,,,,,,,
75757,75252,76029,74862,,,,,,,,
75428,74575,73733,75406,,,,,,,,
74294,73845,75441,73868,,,,,,,,
95474,112414,102903,103475,,,,,,,,
78389,76688,78047,76082,,,,,,,,
75927,73023,76056,74030,,,,,,,,
75484,74552,75484,73123,,,,,,,,
74926,74068,74253,74472,,,,,,,,
74310,75378,75688,74959,,,,,,,,
96295,113724,103771,103181,,,,,,,,
78884,75374,77075,76481,,,,,,,,
76691,74809,77193,74584,,,,,,,,
75126,74440,76181,74987,,,,,,,,
73646,73834,74969,74329,,,,,,,,
74334,73531,76651,75339,,,,,,,,
94613,113695,103446,104103,,,,,,,,
77871,75444,78023,76210,,,,,,,,
76369,73703,75344,74926,,,,,,,,
75121,74565,74543,73572,,,,,,,,
74573,74684,73438,73101,,,,,,,,
75843,74810,74092,74405,,,,,,,,
100508,117156,109035,106824,,,,,,,,
83676,80813,82940,81615,,,,,,,,
82512,79764,81435,78877,,,,,,,,
80389,79177,78467,78919,,,,,,,,
80167,77961,78954,78449,,,,,,,,
79670,80487,80287,79208,,,,,,,,
99418,117776,108994,110199,,,,,,,,
83693,80765,85144,82465,,,,,,,,
80249,79238,81300,79292,,,,,,,,
79996,79652,80266,79040,,,,,,,,
78872,78487,78391,78041,,,,,,,,
79876,79455,80362,79480,,,,,,,,
98426,117378,108114,107117,,,,,,,,
84711,80701,82008,80994,,,,,,,,
80951,78407,80508,79556,,,,,,,,
79793,78441,81022,79132,,,,,,,,
80042,80078,80102,78858,,,,,,,,
78948,79070,79815,77880,,,,,,,,
99020,117822,107535,110060,,,,,,,,
84599,81269,84112,81719,,,,,,,,
81319,79135,81001,80920,,,,,,,,
79455,79133,81031,78876,,,,,,,,
79005,77882,79597,78979,,,,,,,,
79632,79638,78608,78984,,,,,,,,
99853,117751,108643,109235,,,,,,,,
84478,80125,83267,81845,,,,,,,,
81713,78911,80899,79864,,,,,,,,
79246,78992,79442,80101,,,,,,,,
78422,78578,81062,79877,,,,,,,,
78997,78695,78312,79328,,,,,,,,
103857,121559,114954,112635,,,,,,,,
89281,86069,90446,86012,,,,,,,,
86927,84140,86540,81963,,,,,,,,
84603,84267,84523,85064,,,,,,,,
83155,83359,84940,84007,,,,,,,,
83844,83710,84416,84716,,,,,,,,
103408,123605,113200,112626,,,,,,,,
88602,85589,87943,86374,,,,,,,,
86148,82867,86312,83342,,,,,,,,
84443,84325,85709,85085,,,,,,,,
84412,84985,83797,82814,,,,,,,,
84158,84501,84494,85055,,,,,,,,
103611,123174,112614,111960,,,,,,,,
87031,86091,88804,86598,,,,,,,,
85918,85132,85605,84131,,,,,,,,
85680,84227,84434,84968,,,,,,,,
84002,84669,85086,84621,,,,,,,,
84789,83790,82647,83774,,,,,,,,
104452,123592,115132,112562,,,,,,,,
89306,86324,88467,86633,,,,,,,,
85399,83874,84891,83679,,,,,,,,
84804,84839,84539,85984,,,,,,,,
85596,83023,84373,84261,,,,,,,,
85805,84011,85302,83881,,,,,,,,
103018,122084,112233,112325,,,,,,,,
87835,85538,88830,84952,,,,,,,,
85586,83570,85072,83058,,,,,,,,
83905,82699,84697,85305,,,,,,,,
84039,84484,85176,83913,,,,,,,,
85277,84277,84089,83417,,,,,,,,
107478,127041,117953,116977,,,,,,,,
92000,90690,94188,91538,,,,,,,,
90633,88917,89346,88363,,,,,,,,
89839,88505,90977,87969,,,,,,,,
89217,88057,89741,88046,,,,,,,,
89305,88505,88902,88870,,,,,,,,
108966,129843,119538,117595,,,,,,,,
94022,90199,94409,90883,,,,,,,,
91328,86661,91066,88337,,,,,,,,
90128,89371,89639,89655,,,,,,,,
88466,88162,89878,89177,,,,,,,,
90018,89040,88895,89597,,,,,,,,
108354,126090,117890,119452,,,,,,,,
92783,91751,93949,91642,,,,,,,,
90390,89910,90608,88337,,,,,,,,
90220,88684,90293,88613,,,,,,,,
88999,89351,88714,87898,,,,,,,,
89008,89481,88382,89027,,,,,,,,
108595,129374,117182,117390,,,,,,,,
94223,89768,94210,90463,,,,,,,,
89931,88814,91326,89265,,,,,,,,
88701,88624,89569,90291,,,,,,,,
88989,88904,89555,89039,,,,,,,,
89824,90159,88609,88023,,,,,,,,
109071,125942,118877,117855,,,,,,,,
93499,90697,92789,89214,,,,,,,,
90910,88672,89708,89368,,,,,,,,
89459,89578,89632,88327,,,,,,,,
87003,87567,90657,88780,,,,,,,,
88494,88364,88619,89583,,,,,,,,
112371,131529,124235,122543,,,,,,,,
98017,96375,97291,94348,,,,,,,,
93577,94191,95363,92757,,,,,,,,
94126,93008,95587,93605,,,,,,,,
94082,93517,95120,94449,,,,,,,,
92762,92539,93491,94829,,,,,,,,
114523,134900,123044,121728,,,,,,,,
98786,95488,97975,95237,,,,,,,,
95715,93145,95975,93825,,,,,,,,
94376,93370,95221,93020,,,,,,,,
93651,93456,94655,94048,,,,,,,,
94107,94296,93852,92677,,,,,,,,
112443,132575,122657,121607,,,,,,,,
98617,95262,98175,95656,,,,,,,,
95138,94874,95234,92661,,,,,,,,
94878,94526,93314,92872,,,,,,,,
94405,93504,94267,92957,,,,,,,,
91608,93743,94836,93474,,,,,,,,
114833,133561,122683,122651,,,,,,,,
98457,96900,98149,95313,,,,,,,,
94922,92768,96182,93765,,,,,,,,
92466,94007,96037,94180,,,,,,,,
94364,94745,93921,94662,,,,,,,,
91439,93803,91272,94757,,,,,,,,
113497,130141,123353,123298,,,,,,,,
98008,95830,99003,94802,,,,,,,,
93128,94488,96185,94274,,,,,,,,
94075,93916,94417,95285,,,,,,,,
93405,94641,94402,93959,,,,,,,,
94389,93067,94159,91740,,,,,,,,
117590,138688,128766,125414,,,,,,,,
103201,99496,103157,99669,,,,,,,,
101086,98934,100613,98249,,,,,,,,
99498,98693,100696,100310,,,,,,,,
97406,99441,100050,97993,,,,,,,,
96537,98469,98732,97755,,,,,,,,
118150,137374,127693,128541,,,,,,,,
102122,100052,102411,98265,,,,,,,,
100482,98076,100466,99896,,,,,,,,
99425,98478,98637,96983,,,,,,,,
98977,97731,99287,99299,,,,,,,,
97958,97815,99943,97855,,,,,,,,
118529,137016,126784,126860,,,,,,,,
103480,100543,100846,101861,,,,,,,,
100293,99977,100182,98561,,,,,,,,
99081,98450,98949,100388,,,,,,,,
98731,98963,98321,97684,,,,,,,,
97350,97755,97697,96782,,,,,,,,
118461,135875,126376,128480,,,,,,,,
101923,99307,101214,101559,,,,,,,,
99018,99678,99270,99016,,,,,,,,
98606,95895,99744,98644,,,,,,,,
97145,97430,98232,97472,,,,,,,,
98167,99040,99739,97855,,,,,,,,
118990,137763,126744,126550,,,,,,,,
102473,99724,102710,98994,,,,,,,,
98818,99010,100780,98830,,,,,,,,
99815,99583,98263,97440,,,,,,,,
97734,97157,98381,98583,,,,,,,,
100510,97919,96797,98810,,,,,,,,
122114,142573,132795,131079,,,,,,,,
107462,105932,107732,106011,,,,,,,,
105193,103941,104905,102038,,,,,,,,
103100,102811,105358,103654,,,,,,,,
102852,102953,103884,103891,,,,,,,,
103801,101740,102336,102750,,,,,,,,
123310,142360,130288,132227,,,,,,,,
108294,104409,106397,104860,,,,,,,,
103893,104072,105684,104608,,,,,,,,
103782,102065,103171,102944,,,,,,,,
102705,102511,103037,101935,,,,,,,,
103154,103997,104227,102408,,,,,,,,
123211,142783,133980,131267,,,,,,,,
107849,104560,109084,105700,,,,,,,,
104343,103648,105971,104158,,,,,,,,
102704,101825,104140,102242,,,,,,,,
103414,102454,102472,102407,,,,,,,,
103548,102678,103777,103086,,,,,,,,
124807,141371,132352,131441,,,,,,,,
107750,105542,107676,105091,,,,,,,,
106083,104303,104297,104879,,,,,,,,
102615,103108,104910,103736,,,,,,,,
102288,104090,103132,103145,,,,,,,,
103781,103075,103796,101797,,,,,,,,
124932,143005,131050,131431,,,,,,,,
106901,105103,107786,104670,,,,,,,,
104575,103526,104762,102332,,,,,,,,
104869,102658,103394,102954,,,,,,,,
104026,103074,104718,104563,,,,,,,,
102878,103232,102699,101545,,,,,,,,
128388,146433,135898,135394,,,,,,,,
113238,109411,111871,110811,,,,,,,,
109734,108957,109144,107233,,,,,,,,
109969,108283,108641,107969,,,,,,,,
108335,107268,108787,107285,,,,,,,,
106823,107719,108795,109204,,,,,,,,
127992,147547,136969,137115,,,,,,,,
112392,110354,113617,110970,,,,,,,,
110122,108728,108826,107907,,,,,,,,
107579,108025,110122,107807,,,,,,,,
107390,108593,110537,108054,,,,,,,,
107673,107373,107696,108245,,,,,,,,
126588,148088,135348,135367,,,,,,,,
110413,111084,113384,109591,,,,,,,,
110465,109636,108452,107638,,,,,,,,
107999,108904,108807,107495,,,,,,,,
110530,106942,107943,108965,,,,,,,,
109203,106201,107770,108548,,,,,,,,
128346,149165,137389,136412,,,,,,,,
112167,109699,113398,109562,,,,,,,,
110507,107836,108386,106921,,,,,,,,
109015,107109,108481,107715,,,,,,,,
107963,107037,107942,107741,,,,,,,,
109274,106354,108073,106964,,,,,,,,
128053,148107,136188,136452,,,,,,,,
112150,110689,112353,110620,,,,,,,,
107435,107748,109723,109205,,,,,,,,
109646,106461,108678,107204,,,,,,,,
107073,107844,108837,109081,,,,,,,,
108922,108213,107782,106493,,,,,,,,
132457,153087,140876,140636,,,,,,,,
117876,115503,116687,115576,,,,,,,,
114025,113396,114582,113457,,,,,,,,
113017,111998,114295,112404,,,,,,,,
113728,113503,113829,112696,,,,,,,,
111851,111017,113387,111914,,,,,,,,
133364,151448,143052,141328,,,,,,,,
117670,114937,115378,114306,,,,,,,,
113783,113085,114354,112483,,,,,,,,
114460,113180,111996,112844,,,,,,,,
114665,112707,112805,112493,,,,,,,,
112272,112461,112165,112617,,,,,,,,
132225,153543,141401,141681,,,,,,,,
115522,114753,117100,114328,,,,,,,,
114472,113245,114488,112292,,,,,,,,
114269,112822,112832,113184,,,,,,,,
114592,111435,112013,112935,,,,,,,,
112975,112317,112020,112444,,,,,,,,
131730,152417,142259,140489,,,,,,,,
115565,114979,118756,112387,,,,,,,,
114051,114234,114848,113657,,,,,,,,
113407,112297,113873,113425,,,,,,,,
113176,112248,113262,113732,,,,,,,,
113270,113066,113769,112830,,,,,,,,
133033,151788,141399,139978,,,,,,,,
117107,116086,116427,114291,,,,,,,,
112786,112852,113683,113306,,,,,,,,
113354,112998,113083,112681,,,,,,,,
113480,113411,113401,111805,,,,,,,,
111591,113736,113269,112750,,,,,,,,
33406,60842,39592,39358,,,,,,,,
25591,23111,25483,20935,,,,,,,,
22745,22028,22735,21919,,,,,,,,
23102,22634,21480,20962,,,,,,,,
22705,22329,21237,21624,,,,,,,,
22330,21783,21714,21459,,,,,,,,
33737,58857,37866,38540,,,,,,,,
25495,24020,24031,21077,,,,,,,,
23924,22747,22439,21821,,,,,,,,
22376,22328,22194,22015,,,,,,,,
21637,21637,21973,21972,,,,,,,,
22297,21350,21249,21996,,,,,,,,
33790,60910,39029,38006,,,,,,,,
24641,24459,24666,22686,,,,,,,,
22533,22230,22857,22533,,,,,,,,
21201,23034,22546,21607,,,,,,,,
21043,20486,21397,22159,,,,,,,,
22434,20575,21409,21327,,,,,,,,
33486,60783,38177,38557,,,,,,,,
24618,23246,25263,21989,,,,,,,,
23451,22434,22367,21932,,,,,,,,
21662,22282,22320,22648,,,,,,,,
21062,22526,21612,21667,,,,,,,,
21202,21872,22555,21147,,,,,,,,
35297,62721,38364,37940,,,,,,,,
23983,24306,23951,21398,,,,,,,,
22660,20825,22408,21264,,,,,,,,
21592,22057,21683,22233,,,,,,,,
22361,21797,21547,22534,,,,,,,,
21419,21213,21199,21549,,,,,,,,
39535,67244,43380,42975,,,,,,,,
30344,27314,29057,27213,,,,,,,,
27504,26928,27339,27028,,,,,,,,
26601,26278,27297,26112,,,,,,,,
26518,26293,27292,26792,,,,,,,,
27168,26103,25591,26616,,,,,,,,
39850,66853,42165,42645,,,,,,,,
29043,28232,29670,26145,,,,,,,,
27358,26596,27342,27313,,,,,,,,
26799,25941,27084,26034,,,,,,,,
27222,27312,27435,26668,,,,,,,,
26046,26209,27081,26501,,,,,,,,
39432,63931,43777,42972,,,,,,,,
28879,27650,30060,26638,,,,,,,,
29351,25537,27864,26638,,,,,,,,
26587,26673,26972,26937,,,,,,,,
26612,26275,27549,26607,,,,,,,,
26812,27219,26071,26384,,,,,,,,
38294,64337,44607,43456,,,,,,,,
30937,28542,29170,26436,,,,,,,,
28523,27175,27703,26749,,,,,,,,
26330,27363,26526,26144,,,,,,,,
26637,26514,26027,26521,,,,,,,,
26522,27297,26611,26966,,,,,,,,
38377,66485,42323,42564,,,,,,,,
30627,27993,29023,27311,,,,,,,,
27593,27075,26572,26880,,,,,,,,
27526,26617,27301,26491,,,,,,,,
27208,27021,26604,25961,,,,,,,,
26784,25806,27388,27418,,,,,,,,
42754,72925,47867,47966,,,,,,,,
35386,33302,34613,32740,,,,,,,,
32205,30649,32357,31147,,,,,,,,
31804,32331,31929,30582,,,,,,,,
31739,32210,31627,31215,,,,,,,,
30884,31100,31538,31164,,,,,,,,
44356,68750,49479,48187,,,,,,,,
33948,33341,32819,30559,,,,,,,,
32957,31430,32014,31593,,,,,,,,
31066,31114,31611,31941,,,,,,,,
31282,31314,31891,31714,,,,,,,,
31386,30981,31332,31309,,,,,,,,
44959,71616,47490,48393,,,,,,,,
33615,32554,34505,31267,,,,,,,,
33015,31908,32373,31870,,,,,,,,
31644,32441,31301,30356,,,,,,,,
31990,31743,31080,31917,,,,,,,,
30913,32008,31829,31468,,,,,,,,
45372,70263,49416,49202,,,,,,,,
35323,33428,35123,32149,,,,,,,,
33979,31181,33193,31707,,,,,,,,
31762,31637,31684,31476,,,,,,,,
30135,30687,31300,31866,,,,,,,,
30658,31723,30218,31336,,,,,,,,
44169,68494,48527,49481,,,,,,,,
34533,33956,34446,31009,,,,,,,,
32021,30561,32842,31654,,,,,,,,
31192,31399,30747,30798,,,,,,,,
31725,31818,30651,31195,,,,,,,,
32217,32165,31516,31897,,,,,,,,
50490,77745,53061,53007,,,,,,,,
38537,38670,39819,34998,,,,,,,,
37359,35918,38375,36264,,,,,,,,
36593,36429,35951,34606,,,,,,,,
35754,36525,36874,35665,,,,,,,,
35552,36474,36291,36591,,,,,,,,
49666,75155,52974,52741,,,,,,,,
38487,37615,38748,34982,,,,,,,,
38015,36038,37355,35876,,,,,,,,
36718,35765,34767,36212,,,,,,,,
36123,35884,36045,35955,,,,,,,,
35806,36399,36715,36275,,,,,,,,
48462,77279,53145,52306,,,,,,,,
39301,38449,38678,36757,,,,,,,,
37410,36336,37333,35647,,,,,,,,
37185,36311,36192,35407,,,,,,,,
35293,35372,36318,37176,,,,,,,,
36302,35123,35261,36329,,,,,,,,
50070,75694,52693,52653,,,,,,,,
38743,37430,39777,35741,,,,,,,,
37726,36157,36351,36247,,,,,,,,
37488,36036,35516,35703,,,,,,,,
36354,37390,35453,37013,,,,,,,,
37447,36794,37182,36452,,,,,,,,
49162,75957,52340,55554,,,,,,,,
38812,38390,38838,36930,,,,,,,,
37379,37238,36838,35595,,,,,,,,
37052,36290,36424,36829,,,,,,,,
35879,35885,36004,35055,,,,,,,,
36009,35709,34925,36526,,,,,,,,
54145,81532,58677,58963,,,,,,,,
43822,42267,44791,41397,,,,,,,,
42879,40995,42575,40239,,,,,,,,
41224,42083,42251,40754,,,,,,,,
41378,40935,39970,41149,,,,,,,,
42311,41094,41364,40649,,,,,,,,
55143,80208,57667,57932,,,,,,,,
44704,43122,43973,39974,,,,,,,,
42118,40876,42290,41688,,,,,,,,
41197,40865,42240,41556,,,,,,,,
40717,41269,41382,41393,,,,,,,,
40736,41238,41647,42492,,,,,,,,
54818,79467,56964,58634,,,,,,,,
44700,43878,43472,40334,,,,,,,,
42491,40974,41946,40747,,,,,,,,
40218,40390,41040,42236,,,,,,,,
40464,40914,40995,40950,,,,,,,,
40837,41373,39770,40881,,,,,,,,
53800,82556,56969,58605,,,,,,,,
44225,42506,43868,42450,,,,,,,,
42627,41628,42334,40768,,,,,,,,
40851,40442,40866,39062,,,,,,,,
40877,40255,40949,40270,,,,,,,,
40705,40732,40958,40655,,,,,,,,
55080,78703,56587,58474,,,,,,,,
44482,42647,44886,41086,,,,,,,,
41793,41721,42986,40702,,,,,,,,
40548,41302,41143,42477,,,,,,,,
40948,40486,41465,42289,,,,,,,,
40563,40864,42371,41304,,,,,,,,
58266,83730,62298,61871,,,,,,,,
48174,46939,48934,46568,,,,,,,,
47456,45305,46817,45465,,,,,,,,
45904,46606,44810,46363,,,,,,,,
45793,45210,45676,46721,,,,,,,,
46243,45068,45311,44553,,,,,,,,
60010,84813,61653,61790,,,,,,,,
49208,46870,49066,46015,,,,,,,,
47227,45429,46434,46078,,,,,,,,
45449,46557,46927,44924,,,,,,,,
45069,45962,46532,46263,,,,,,,,
46219,46235,46581,46309,,,,,,,,
57091,85179,63061,63693,,,,,,,,
50315,46778,48831,46700,,,,,,,,
47186,45834,47183,45589,,,,,,,,
45534,45370,46547,45328,,,,,,,,
45642,46322,45620,45631,,,,,,,,
45359,45031,46975,46551,,,,,,,,
59270,83437,62782,64879,,,,,,,,
48327,48216,48767,46101,,,,,,,,
47549,45671,47491,45820,,,,,,,,
45124,45661,46169,45403,,,,,,,,
44702,46103,45708,46128,,,,,,,,
46319,44809,44648,45608,,,,,,,,
58077,83829,61782,63500,,,,,,,,
48975,47711,49066,45738,,,,,,,,
46057,46085,47740,46452,,,,,,,,
45825,45483,46633,45807,,,,,,,,
45441,46498,45572,46249,,,,,,,,
43974,46029,45255,45910,,,,,,,,
62934,92207,68118,66015,,,,,,,,
54076,52794,55085,50625,,,,,,,,
52543,50575,50507,50556,,,,,,,,
51181,50598,50802,51519,,,,,,,,
51104,49387,51182,50639,,,,,,,,
49710,49220,51294,51553,,,,,,,,
65172,90180,66007,68351,,,,,,,,
53439,52746,54459,50089,,,,,,,,
49903,50917,52001,49619,,,,,,,,
49399,50512,50994,51054,,,,,,,,
49918,51145,50098,50499,,,,,,,,
50637,51464,51124,50782,,,,,,,,
65031,89139,67459,67868,,,,,,,,
54307,50891,54701,50382,,,,,,,,
52033,49683,51640,51063,,,,,,,,
51509,51556,50783,49597,,,,,,,,
50087,50695,50427,49616,,,,,,,,
51556,50684,50877,50359,,,,,,,,
64076,89070,67721,67831,,,,,,,,
54834,51754,53226,49553,,,,,,,,
52467,51585,51972,50780,,,,,,,,
51605,50073,50630,49851,,,,,,,,
51050,50107,50175,49972,,,,,,,,
50393,49223,50238,49843,,,,,,,,
63522,89541,68463,67864,,,,,,,,
55334,51272,53268,50772,,,,,,,,
51219,51172,50163,50191,,,,,,,,
51480,49978,50450,50343,,,,,,,,
50613,51150,50467,51464,,,,,,,,
50735,50503,52054,50827,,,,,,,,
68592,94490,70923,72596,,,,,,,,
57944,55612,58290,56003,,,,,,,,
56737,55884,56798,55800,,,,,,,,
56014,55017,55280,55038,,,,,,,,
55983,55172,54722,54672,,,,,,,,
56601,54274,54994,54794,,,,,,,,
68927,91303,70452,73541,,,,,,,,
60040,57320,59117,55406,,,,,,,,
56285,55264,56819,55881,,,,,,,,
56634,54778,54154,54626,,,,,,,,
54946,55211,55867,53873,,,,,,,,
54374,55918,55213,54331,,,,,,,,
69449,93337,72815,71913,,,,,,,,
58759,56483,58561,54837,,,,,,,,
56894,55674,57315,53902,,,,,,,,
55270,56072,56022,54321,,,,,,,,
56472,55526,55819,55021,,,,,,,,
54430,56076,55779,54642,,,,,,,,
69112,91864,71700,72601,,,,,,,,
58362,56066,58755,55822,,,,,,,,
56566,54635,55210,56129,,,,,,,,
56945,54995,57068,55897,,,,,,,,
55892,55734,55272,55894,,,,,,,,
55536,53944,54992,55778,,,,,,,,
69736,96278,74067,72090,,,,,,,,
59740,57738,58220,55638,,,,,,,,
56277,54842,57238,55076,,,,,,,,
54862,55189,56573,54422,,,,,,,,
54213,56032,55422,55038,,,,,,,,
55246,55224,56776,55157,,,,,,,,
73786,99172,78224,76745,,,,,,,,
63363,62098,63475,60261,,,,,,,,
61423,61393,61852,59035,,,,,,,,
61161,60913,60752,59761,,,,,,,,
60409,59430,60600,60118,,,,,,,,
60830,59667,60741,58340,,,,,,,,
73394,100439,77832,77680,,,,,,,,
64100,62726,64647,59754,,,,,,,,
61190,59151,61697,60129,,,,,,,,
59940,59601,60576,59605,,,,,,,,
61343,60441,59890,60847,,,,,,,,
61318,59172,60118,59964,,,,,,,,
73854,98869,76416,77684,,,,,,,,
63780,61729,63714,61601,,,,,,,,
60703,59862,60612,59442,,,,,,,,
59745,60317,61063,59815,,,,,,,,
59972,59606,59685,58753,,,,,,,,
60295,59405,60318,61060,,,,,,,,
73079,98782,77154,77574,,,,,,,,
64417,62656,63774,59200,,,,,,,,
62489,60111,61081,60757,,,,,,,,
60375,59820,59891,60666,,,,,,,,
61300,60899,60075,59778,,,,,,,,
58826,59969,59823,60730,,,,,,,,
74331,98191,76987,78372,,,,,,,,
63560,61726,63732,60213,,,,,,,,
61297,60208,61741,59496,,,,,,,,
60253,61338,59245,60884,,,,,,,,
59684,60552,60306,59098,,,,,,,,
61268,59844,59923,60745,,,,,,,,
78562,104531,81731,82522,,,,,,,,
67732,68710,68557,64962,,,,,,,,
66669,64157,66804,64686,,,,,,,,
66133,64194,65673,64673,,,,,,,,
65905,65415,64364,64139,,,,,,,,
66019,64597,65895,63451,,,,,,,,
79609,104980,82360,82242,,,,,,,,
68372,66637,68813,64970,,,,,,,,
66391,64682,66582,65377,,,,,,,,
65442,64854,64928,66308,,,,,,,,
65037,65265,66982,64116,,,,,,,,
64722,63796,63838,64290,,,,,,,,
78366,104055,82187,82806,,,,,,,,
68033,67810,69220,64803,,,,,,,,
65460,65397,66489,65337,,,,,,,,
64900,64741,65518,63194,,,,,,,,
65509,65024,65994,64885,,,,,,,,
65674,64362,65379,65122,,,,,,,,
79000,105328,80905,83743,,,,,,,,
68842,68058,68981,64652,,,,,,,,
67418,65597,65521,65350,,,,,,,,
65178,64516,65977,64400,,,,,,,,
64387,65599,63833,65076,,,,,,,,
64628,64708,65900,65037,,,,,,,,
78423,103877,82022,82361,,,,,,,,
68681,66821,68378,65556,,,,,,,,
65253,65310,66361,65579,,,,,,,,
65315,65381,66069,65494,,,,,,,,
64902,64358,64618,64552,,,,,,,,
63563,65267,65465,64162,,,,,,,,
82406,106227,86734,86914,,,,,,,,
72983,72064,73082,70056,,,,,,,,
70545,70199,70102,69164,,,,,,,,
69467,67950,69558,69361,,,,,,,,
70656,69583,69378,69850,,,,,,,,
69622,69005,69015,70521,,,,,,,,
83289,109559,86739,87767,,,,,,,,
73023,72772,75099,68711,,,,,,,,
70813,69296,72028,69777,,,,,,,,
68967,69608,69907,70320,,,,,,,,
70888,70171,69196,68646,,,,,,,,
69081,69857,69000,69477,,,,,,,,
81952,110504,86192,87018,,,,,,,,
73370,72827,74111,70180,,,,,,,,
70582,69556,70871,68963,,,,,,,,
69214,69906,69878,69988,,,,,,,,
69413,68883,68929,69215,,,,,,,,
69272,70832,70335,71011,,,,,,,,
82453,108358,87557,88373,,,,,,,,
74570,71784,73502,70930,,,,,,,,
70632,69412,72365,69589,,,,,,,,
71162,69966,68668,69198,,,,,,,,
70638,69938,69642,70870,,,,,,,,
69844,70291,69551,69026,,,,,,,,
83373,109192,87442,86346,,,,,,,,
72806,71845,73370,70294,,,,,,,,
71506,68921,70606,69719,,,,,,,,
69971,69540,70525,68973,,,,,,,,
70550,68351,70268,70803,,,,,,,,
69790,70069,69197,70439,,,,,,,,
89251,112314,90649,91658,,,,,,,,
76575,75315,77561,74103,,,,,,,,
76081,74357,75707,75205,,,,,,,,
74416,75857,75224,75020,,,,,,,,
74592,75148,73595,73865,,,,,,,,
73992,74950,75276,74195,,,,,,,,
87486,114599,89841,90370,,,,,,,,
79087,76078,77509,74180,,,,,,,,
76978,74996,76140,74898,,,,,,,,
75259,74830,74442,73630,,,,,,,,
74918,73887,76391,75505,,,,,,,,
75101,74926,74716,74571,,,,,,,,
87626,111868,91945,90816,,,,,,,,
78518,77017,77912,75314,,,,,,,,
75686,74217,75646,74919,,,,,,,,
74785,72484,74338,72982,,,,,,,,
75867,72841,75438,74135,,,,,,,,
74306,73750,73993,74855,,,,,,,,
87029,113853,91288,92231,,,,,,,,
79679,75919,79058,75459,,,,,,,,
75966,75439,74969,74730,,,,,,,,
74711,75106,74672,74568,,,,,,,,
74918,74435,73449,74545,,,,,,,,
74554,72393,74592,75226,,,,,,,,
86666,111977,91810,91446,,,,,,,,
77639,76233,78079,74765,,,,,,,,
76569,75161,76848,76677,,,,,,,,
75754,75441,74429,74395,,,,,,,,
74403,74211,73815,75071,,,,,,,,
73917,73746,74667,73568,,,,,,,,
91170,117179,95848,96413,,,,,,,,
81118,80936,83353,78854,,,,,,,,
80320,78586,80920,79676,,,,,,,,
78713,79025,80207,79548,,,,,,,,
79944,79840,80071,77933,,,,,,,,
78846,79215,79082,77745,,,,,,,,
90646,117951,96370,94471,,,,,,,,
82965,80477,84133,80264,,,,,,,,
81506,79497,80133,80321,,,,,,,,
79827,77718,79870,78890,,,,,,,,
79291,79588,79679,78065,,,,,,,,
79743,78908,80150,80721,,,,,,,,
92533,118383,97156,95396,,,,,,,,
82689,81529,81707,79908,,,,,,,,
81274,79447,80660,79840,,,,,,,,
79550,79204,80222,79174,,,,,,,,
80331,78622,78513,79797,,,,,,,,
79215,79103,79832,77984,,,,,,,,
92658,118408,95053,95980,,,,,,,,
81426,82209,84271,76448,,,,,,,,
81387,78929,81875,79319,,,,,,,,
80925,80056,78300,80502,,,,,,,,
80542,78225,80246,79505,,,,,,,,
80574,80442,79310,79690,,,,,,,,
92221,116724,96967,96999,,,,,,,,
82636,82368,82154,79119,,,,,,,,
80526,78747,81357,79236,,,,,,,,
80063,79204,79471,79425,,,,,,,,
79353,80132,79426,79467,,,,,,,,
77925,79847,79438,78525,,,,,,,,
97450,122637,99987,100148,,,,,,,,
88436,85999,87711,84884,,,,,,,,
85760,83216,85702,83012,,,,,,,,
85866,84232,83312,83143,,,,,,,,
83742,84995,84206,82349,,,,,,,,
85478,83881,86881,84186,,,,,,,,
96661,122577,99955,101334,,,,,,,,
88323,84683,86827,83994,,,,,,,,
83836,84284,85810,82926,,,,,,,,
84774,82037,84434,84904,,,,,,,,
83840,83340,83448,84857,,,,,,,,
83263,84414,85788,83741,,,,,,,,
95920,123780,100615,99469,,,,,,,,
87792,87048,87784,83074,,,,,,,,
84949,83441,86610,83260,,,,,,,,
83681,83773,84075,85639,,,,,,,,
85801,84013,82808,85514,,,,,,,,
83435,85168,83833,85136,,,,,,,,
97949,122959,100267,101724,,,,,,,,
87651,85528,87891,83681,,,,,,,,
86200,84605,82556,83928,,,,,,,,
84195,84024,84519,83818,,,,,,,,
85487,83672,84088,83496,,,,,,,,
84249,85135,84167,82299,,,,,,,,
97457,126257,101290,100759,,,,,,,,
86499,84943,86954,82615,,,,,,,,
83673,83244,85100,83529,,,,,,,,
84574,85380,84667,83226,,,,,,,,
85903,83677,84062,83692,,,,,,,,
84861,83047,84631,84842,,,,,,,,
101957,126516,105157,105534,,,,,,,,
90667,89690,92594,88980,,,,,,,,
90964,89797,89518,89145,,,,,,,,
88634,86585,89710,90384,,,,,,,,
90410,88801,89078,88241,,,,,,,,
88067,89253,89160,90125,,,,,,,,
101594,128366,104289,105899,,,,,,,,
92920,91162,92533,88330,,,,,,,,
88594,90203,89495,89134,,,,,,,,
89956,88906,88439,88551,,,,,,,,
89036,87642,87657,87458,,,,,,,,
89824,88388,88746,88270,,,,,,,,
100743,127849,106771,105193,,,,,,,,
92139,90882,93179,90669,,,,,,,,
90446,89804,90859,88464,,,,,,,,
89940,86788,89521,87627,,,,,,,,
89668,89542,89798,88181,,,,,,,,
88208,88242,89278,89506,,,,,,,,
100087,126615,107410,106116,,,,,,,,
92459,91523,92518,90016,,,,,,,,
90319,88439,90194,89412,,,,,,,,
90280,87568,88519,88831,,,,,,,,
89154,88916,87622,87612,,,,,,,,
90122,88790,87094,88956,,,,,,,,
102095,126912,105083,105805,,,,,,,,
92657,91496,93378,88239,,,,,,,,
92296,87462,90458,89117,,,,,,,,
87950,88274,88476,90089,,,,,,,,
89663,88343,88916,88423,,,,,,,,
87956,87895,89546,88637,,,,,,,,
106534,134501,111773,110211,,,,,,,,
96985,94586,95999,92835,,,,,,,,
95026,94192,95813,93877,,,,,,,,
94329,94714,94983,93262,,,,,,,,
93380,93361,94150,92253,,,,,,,,
93298,93838,93210,93468,,,,,,,,
106231,132156,110371,109729,,,,,,,,
96968,95169,94422,93890,,,,,,,,
94606,94619,95469,94299,,,,,,,,
93089,93281,94707,93354,,,,,,,,
93115,93540,93547,94819,,,,,,,,
94635,94552,94476,93805,,,,,,,,
106441,131723,110746,110432,,,,,,,,
97754,95938,97439,94674,,,,,,,,
96553,92252,95968,92757,,,,,,,,
94744,93973,94866,93816,,,,,,,,
93563,93068,92674,93146,,,,,,,,
93032,91897,93915,93157,,,,,,,,
106325,130860,111210,111880,,,,,,,,
97605,95699,97764,92883,,,,,,,,
95559,94058,95725,94238,,,,,,,,
93609,94072,94292,94424,,,,,,,,
94346,93097,93284,94782,,,,,,,,
95215,93516,93784,94514,,,,,,,,
106953,133661,110918,109640,,,,,,,,
96474,94825,98226,92610,,,,,,,,
95782,92461,94091,93700,,,,,,,,
94810,92894,95110,94594,,,,,,,,
93788,93862,92506,93593,,,,,,,,
93167,93744,93658,92543,,,,,,,,
111403,138053,114490,115696,,,,,,,,
102289,100631,101780,98701,,,,,,,,
99607,98393,98784,98235,,,,,,,,
100166,96830,98473,98302,,,,,,,,
97493,99334,97905,97490,,,,,,,,
99370,98729,99363,99236,,,,,,,,
110866,137000,115737,114860,,,,,,,,
102717,98966,101636,96937,,,,,,,,
100554,99431,99736,99273,,,,,,,,
99334,98633,97811,98533,,,,,,,,
99765,98433,99563,98548,,,,,,,,
99356,97964,96742,98753,,,,,,,,
111807,137698,114230,115050,,,,,,,,
102352,99309,102013,98932,,,,,,,,
98886,98342,101294,98266,,,,,,,,
99860,97924,97497,100087,,,,,,,,
98781,98554,97768,98271,,,,,,,,
99916,98181,97486,98306,,,,,,,,
112810,138340,115638,114497,,,,,,,,
100143,99765,100737,100003,,,,,,,,
100815,99453,98719,98944,,,,,,,,
99194,99372,99610,98031,,,,,,,,
97668,99651,98015,99412,,,,,,,,
98159,100159,97121,97748,,,,,,,,
110220,136604,114872,115975,,,,,,,,
102021,100458,101575,98595,,,,,,,,
99763,98108,100696,98101,,,,,,,,
97903,97760,99827,98900,,,,,,,,
98630,97613,99031,97614,,,,,,,,
97977,97556,98914,97547,,,,,,,,
115671,140763,119705,119460,,,,,,,,
105611,104452,106929,103255,,,,,,,,
105060,102738,103644,102148,,,,,,,,
101771,103699,104537,102997,,,,,,,,
103392,101900,102093,102439,,,,,,,,
102244,102769,104106,101251,,,,,,,,
115448,141983,119242,119760,,,,,,,,
106454,106262,105220,102948,,,,,,,,
105399,102055,103228,102516,,,,,,,,
103074,104293,103963,103731,,,,,,,,
103350,104592,104946,102125,,,,,,,,
103472,102573,104656,102236,,,,,,,,
116558,143983,118556,119348,,,,,,,,
106547,106066,106443,103047,,,,,,,,
104849,102754,105527,104227,,,,,,,,
103671,101494,102631,103457,,,,,,,,
101852,103167,103280,103875,,,,,,,,
103143,102154,104508,104608,,,,,,,,
116100,141490,119839,119450,,,,,,,,
105928,106378,107514,104907,,,,,,,,
103389,102781,105051,103753,,,,,,,,
103804,103972,103874,103579,,,,,,,,
103526,103795,104661,103354,,,,,,,,
105038,103377,103348,102287,,,,,,,,
115808,141002,120052,118286,,,,,,,,
107290,103918,107516,103905,,,,,,,,
105415,100881,106006,102824,,,,,,,,
102968,103827,103259,103728,,,,,,,,
103500,102815,103379,103458,,,,,,,,
104176,103072,103333,103476,,,,,,,,
120132,147395,124182,124615,,,,,,,,
112306,110651,112051,107621,,,,,,,,
109347,108368,110210,109106,,,,,,,,
110142,105068,108691,106703,,,,,,,,
107754,108331,108364,107467,,,,,,,,
107852,106638,107751,107314,,,,,,,,
121322,146116,124577,124611,,,,,,,,
110867,108067,112308,108939,,,,,,,,
110329,107492,108349,106819,,,,,,,,
108544,107065,108308,107727,,,,,,,,
109016,109077,107509,108563,,,,,,,,
106857,107419,109362,106753,,,,,,,,
121707,145838,124143,124370,,,,,,,,
110863,107784,110985,109310,,,,,,,,
109802,108419,109340,109901,,,,,,,,
108816,107011,107258,108865,,,,,,,,
109423,108185,107467,107323,,,,,,,,
107711,109883,106907,106102,,,,,,,,
120572,147637,124731,124331,,,,,,,,
112498,108876,111578,108124,,,,,,,,
108609,108218,108371,107279,,,,,,,,
107060,109233,107905,108247,,,,,,,,
106989,107965,108450,107206,,,,,,,,
107626,107698,108099,106434,,,,,,,,
121332,146927,124747,124064,,,,,,,,
111652,109397,111811,108943,,,,,,,,
110981,107134,109650,107538,,,,,,,,
107771,106830,107796,105880,,,,,,,,
107846,108083,109468,106669,,,,,,,,
108652,108838,108826,107812,,,,,,,,
125334,153580,128752,130397,,,,,,,,
115358,114346,115529,113394,,,,,,,,
113701,111782,112632,111473,,,,,,,,
113085,113998,112163,112326,,,,,,,,
113166,113491,113456,111096,,,,,,,,
112671,113303,113933,113464,,,,,,,,
126011,152153,129960,128280,,,,,,,,
117876,113062,117562,113690,,,,,,,,
112779,111010,112656,112771,,,,,,,,
112927,112562,113021,112515,,,,,,,,
112445,110756,112531,114612,,,,,,,,
113844,113185,112207,113134,,,,,,,,
124515,150763,130116,128420,,,,,,,,
115453,113936,116938,114613,,,,,,,,
114469,110508,114447,112272,,,,,,,,
113903,113285,113097,113567,,,,,,,,
112029,113533,113710,112185,,,,,,,,
113166,111651,113127,112559,,,,,,,,
125154,152976,128611,128598,,,,,,,,
116115,114945,114596,111897,,,,,,,,
115106,112108,114016,114211,,,,,,,,
114166,112826,110323,112477,,,,,,,,
111626,110537,113894,112799,,,,,,,,
110613,111582,112750,113413,,,,,,,,
125628,151988,128419,130027,,,,,,,,
117646,115007,117559,112487,,,,,,,,
113475,112606,115428,111249,,,,,,,,
114574,112543,112937,114269,,,,,,,,
111661,112001,112658,112951,,,,,,,,
112644,111858,112296,112455,,,,,,,,
31764,59039,32734,33149,,,,,,,,
24244,24115,23771,22885,,,,,,,,
22489,21674,22772,22255,,,,,,,,
22296,22311,22039,22187,,,,,,,,
22197,22308,21787,22682,,,,,,,,
20782,22100,22040,21481,,,,,,,,
31606,60931,30459,33307,,,,,,,,
24465,23799,24566,21944,,,,,,,,
22678,21732,22138,21556,,,,,,,,
20774,22877,21805,21745,,,,,,,,
21647,22234,21818,21136,,,,,,,,
21684,22073,22001,22040,,,,,,,,
30467,59356,30892,32438,,,,,,,,
23601,23289,23855,20806,,,,,,,,
23576,22327,22561,20557,,,,,,,,
22003,22619,21920,20631,,,,,,,,
22173,21397,22155,22073,,,,,,,,
22206,21225,20353,22170,,,,,,,,
31186,59429,31226,32064,,,,,,,,
24061,23321,24613,21972,,,,,,,,
23428,21589,22447,22458,,,,,,,,
21858,21898,22932,22354,,,,,,,,
21970,21223,21732,22896,,,,,,,,
22200,21768,21835,21868,,,,,,,,
29771,58437,32920,30746,,,,,,,,
24447,23593,25073,21751,,,,,,,,
23132,21514,22748,21881,,,,,,,,
21117,22733,21989,21052,,,,,,,,
20892,22392,21869,21760,,,,,,,,
22005,21232,21607,21443,,,,,,,,
36135,65632,36492,36003,,,,,,,,
28964,28558,29913,27177,,,,,,,,
28486,28023,27528,26429,,,,,,,,
26877,26729,26555,25508,,,,,,,,
26778,26837,26737,26686,,,,,,,,
26436,27302,26885,27324,,,,,,,,
36396,68270,36332,37525,,,,,,,,
30050,28676,28541,27052,,,,,,,,
27497,26517,27189,26420,,,,,,,,
26753,26382,27087,26539,,,,,,,,
26082,26157,26899,26035,,,,,,,,
26669,26384,27243,26256,,,,,,,,
34896,62744,37016,37896,,,,,,,,
29162,28082,29960,26878,,,,,,,,
27517,26124,27262,26094,,,,,,,,
26235,27771,27229,27307,,,,,,,,
27392,26921,27205,26546,,,,,,,,
26900,26255,26201,27157,,,,,,,,
35269,65660,37123,38240,,,,,,,,
29474,28610,29568,26161,,,,,,,,
26321,27516,27456,26405,,,,,,,,
27042,25806,27125,27280,,,,,,,,
26147,26658,27326,27001,,,,,,,,
25538,26693,26890,26172,,,,,,,,
35715,67184,38055,38507,,,,,,,,
28486,28600,29778,27583,,,,,,,,
27694,27034,26769,27232,,,,,,,,
27221,26815,26105,27731,,,,,,,,
25788,26538,26918,26403,,,,,,,,
26759,26832,26187,26950,,,,,,,,
41446,71452,40804,42373,,,,,,,,
33944,32487,33968,31571,,,,,,,,
31705,30990,32281,31947,,,,,,,,
30999,31377,31563,32106,,,,,,,,
31559,31828,30655,31310,,,,,,,,
31231,31594,30706,31368,,,,,,,,
39560,69439,41974,42805,,,,,,,,
34133,33740,34553,31010,,,,,,,,
31569,32141,31540,31136,,,,,,,,
33222,30889,30414,30740,,,,,,,,
31619,30754,30824,31743,,,,,,,,
31144,30934,30856,31210,,,,,,,,
41127,71582,42437,41456,,,,,,,,
34881,32335,34619,31013,,,,,,,,
31840,31733,31860,31434,,,,,,,,
31035,31697,30630,31142,,,,,,,,
31955,31869,32137,31043,,,,,,,,
30869,30711,32053,31202,,,,,,,,
39941,72224,40570,42429,,,,,,,,
33978,34449,33745,31065,,,,,,,,
32336,31606,31829,30738,,,,,,,,
30817,31362,31956,30926,,,,,,,,
31382,31616,30707,30608,,,,,,,,
31571,31677,31058,30464,,,,,,,,
41690,71916,41717,42787,,,,,,,,
34754,33533,33710,32279,,,,,,,,
32331,31505,32536,31879,,,,,,,,
31151,32117,31590,31170,,,,,,,,
31609,31219,30991,31279,,,,,,,,
31601,31839,30237,31321,,,,,,,,
45498,71508,46907,46414,,,,,,,,
38617,38111,37606,35690,,,,,,,,
36563,36153,37400,35528,,,,,,,,
38010,36785,36465,36541,,,,,,,,
36307,36601,36309,36345,,,,,,,,
36077,35779,36754,35968,,,,,,,,
46692,75873,47036,47163,,,,,,,,
39776,38456,38309,36653,,,,,,,,
36187,35388,37723,36455,,,,,,,,
35841,36519,36382,36570,,,,,,,,
34983,36339,36377,35486,,,,,,,,
37590,36304,35144,36634,,,,,,,,
46511,76445,47122,46743,,,,,,,,
38558,38511,38964,36450,,,,,,,,
36977,36543,37507,36729,,,,,,,,
36107,36598,35485,35943,,,,,,,,
35999,36170,36222,36178,,,,,,,,
37029,37179,36713,36520,,,,,,,,
46430,73570,45354,47175,,,,,,,,
38557,39022,39373,35488,,,,,,,,
36973,35664,36509,36517,,,,,,,,
36211,37273,36551,37190,,,,,,,,
36395,36516,36425,36702,,,,,,,,
36089,37684,36244,35413,,,,,,,,
46156,73512,47212,47132,,,,,,,,
39097,38387,38169,35573,,,,,,,,
37854,36103,37128,37319,,,,,,,,
36261,36324,36438,36928,,,,,,,,
36507,34554,37041,36807,,,,,,,,
35575,36464,35556,36831,,,,,,,,
50765,79200,51765,52560,,,,,,,,
44283,43719,44008,41078,,,,,,,,
41214,42197,41620,40533,,,,,,,,
41535,41506,42129,41645,,,,,,,,
40715,41612,41324,41029,,,,,,,,
40329,40929,40322,39825,,,,,,,,
49910,81337,53110,52177,,,,,,,,
44162,42823,42793,40965,,,,,,,,
42079,42400,41774,41296,,,,,,,,
41334,41761,41442,40931,,,,,,,,
40544,42072,41054,40987,,,,,,,,
39944,39894,40802,40185,,,,,,,,
51308,78340,51678,52424,,,,,,,,
43201,42394,43046,41917,,,,,,,,
41209,40471,42767,41419,,,,,,,,
40300,40916,41255,39906,,,,,,,,
41906,41221,40289,41292,,,,,,,,
40509,41587,39989,39926,,,,,,,,
49571,78912,52569,52464,,,,,,,,
42532,43612,42997,40892,,,,,,,,
41528,39652,42350,41682,,,,,,,,
41179,40805,40457,41244,,,,,,,,
41097,41252,40177,40194,,,,,,,,
42120,40880,40194,41080,,,,,,,,
51745,78749,52264,52476,,,,,,,,
43933,42579,43884,41407,,,,,,,,
41680,41029,42900,41194,,,,,,,,
41509,41292,40808,40879,,,,,,,,
40109,40656,40756,41033,,,,,,,,
41020,40372,40830,41013,,,,,,,,
56420,86555,55548,57107,,,,,,,,
50183,47364,48929,45245,,,,,,,,
46393,45815,46815,46783,,,,,,,,
46011,44834,46301,45538,,,,,,,,
45346,46718,45447,45305,,,,,,,,
44260,45114,46222,46029,,,,,,,,
54645,83041,55877,57331,,,,,,,,
48048,47664,49618,46485,,,,,,,,
46961,45416,46363,46811,,,,,,,,
47215,46899,45235,46936,,,,,,,,
45439,45683,46358,44873,,,,,,,,
45873,45059,44995,45703,,,,,,,,
54383,84068,56322,57303,,,,,,,,
48889,47536,47746,45678,,,,,,,,
46483,45381,46499,46328,,,,,,,,
46900,45739,45864,46113,,,,,,,,
46284,46014,45408,44730,,,,,,,,
46339,45721,45819,44781,,,,,,,,
54281,82519,55447,57090,,,,,,,,
48613,48247,48488,46038,,,,,,,,
47314,45844,46450,45643,,,,,,,,
46409,45692,46985,45336,,,,,,,,
46401,44958,46046,45364,,,,,,,,
45308,44897,45142,44683,,,,,,,,
55529,85754,55304,56285,,,,,,,,
47785,48363,48559,46339,,,,,,,,
46289,46200,47224,44913,,,,,,,,
45978,46132,46212,45784,,,,,,,,
45426,44887,45716,45865,,,,,,,,
47107,45837,45651,46702,,,,,,,,
60304,90550,61356,60335,,,,,,,,
54002,53142,54281,49741,,,,,,,,
51724,51297,51581,49348,,,,,,,,
51408,50867,50228,51293,,,,,,,,
49384,50441,49945,50774,,,,,,,,
50015,50109,50440,49516,,,,,,,,
59146,89597,61122,61844,,,,,,,,
54007,51870,53214,51031,,,,,,,,
50669,50649,50989,50386,,,,,,,,
50772,51363,52724,49875,,,,,,,,
51277,50022,50413,49679,,,,,,,,
50791,51647,52109,50534,,,,,,,,
60566,88736,61333,62359,,,,,,,,
54552,51382,53673,50627,,,,,,,,
51966,49901,51873,50410,,,,,,,,
50843,51386,51239,51048,,,,,,,,
51339,52298,50072,52375,,,,,,,,
50658,50671,50079,50999,,,,,,,,
60308,88716,59932,61560,,,,,,,,
53374,52293,53034,49133,,,,,,,,
51160,50268,52277,50093,,,,,,,,
50051,50789,51253,50139,,,,,,,,
50203,51089,50306,51572,,,,,,,,
49478,50738,50531,49909,,,,,,,,
62004,89425,61419,61642,,,,,,,,
52687,52040,52989,50887,,,,,,,,
50781,50201,52249,50730,,,,,,,,
50718,50374,49849,49826,,,,,,,,
49553,50023,50921,50234,,,,,,,,
50808,50870,51083,49691,,,,,,,,
65151,93241,66582,66011,,,,,,,,
58613,57228,56985,56420,,,,,,,,
57221,55397,57503,54240,,,,,,,,
56797,55835,55324,54995,,,,,,,,
55034,54772,56043,55694,,,,,,,,
55824,55320,55043,54038,,,,,,,,
64016,94836,66751,67226,,,,,,,,
58338,57895,57289,55613,,,,,,,,
56361,55912,56426,54649,,,,,,,,
56069,56523,55409,55198,,,,,,,,
55820,54671,55735,55601,,,,,,,,
54922,55725,55264,54972,,,,,,,,
65194,92712,66942,65887,,,,,,,,
58467,58110,57426,54390,,,,,,,,
55368,54029,56791,54432,,,,,,,,
55414,54717,56129,55479,,,,,,,,
54023,56009,55729,54667,,,,,,,,
54933,55552,55272,55405,,,,,,,,
64400,95005,65195,66281,,,,,,,,
59662,57420,57560,55159,,,,,,,,
58262,54785,55570,55831,,,,,,,,
54757,55007,55784,54773,,,,,,,,
55256,54386,55347,55117,,,,,,,,
55257,54967,56301,54783,,,,,,,,
64815,96416,65870,66478,,,,,,,,
58791,56568,57222,55386,,,,,,,,
57089,55458,56092,54677,,,,,,,,
56081,54335,54973,55395,,,,,,,,
55699,55630,55697,55438,,,,,,,,
55052,54659,55245,55190,,,,,,,,
70198,98392,70513,73361,,,,,,,,
62361,62556,63504,59550,,,,,,,,
61244,60689,60989,59404,,,,,,,,
61539,59029,60308,61587,,,,,,,,
60117,59273,60227,59440,,,,,,,,
60441,59736,59544,60041,,,,,,,,
69352,100297,71451,71492,,,,,,,,
63668,61607,62386,60416,,,,,,,,
61170,59717,61465,60191,,,,,,,,
60916,59261,61517,59577,,,,,,,,
60820,59186,59689,60279,,,,,,,,
60001,60078,59580,60078,,,,,,,,
68913,96950,69726,71401,,,,,,,,
63733,60661,62889,60818,,,,,,,,
61701,59689,61364,59106,,,,,,,,
59864,60139,60414,59210,,,,,,,,
61660,58203,59817,58412,,,,,,,,
60346,59538,59550,61793,,,,,,,,
69782,98219,70950,72487,,,,,,,,
62450,61329,62581,60167,,,,,,,,
60461,60625,60259,60599,,,,,,,,
59457,59596,60654,60405,,,,,,,,
59360,61173,61694,60230,,,,,,,,
59309,60705,60248,58506,,,,,,,,
69632,98509,71666,72535,,,,,,,,
62721,62573,63379,59978,,,,,,,,
62397,60238,61807,60067,,,,,,,,
60868,60052,60988,59166,,,,,,,,
60139,59285,60693,59664,,,,,,,,
60417,61697,60274,59969,,,,,,,,
74576,106252,76494,75587,,,,,,,,
68336,67119,67460,65848,,,,,,,,
67530,64636,66158,65294,,,,,,,,
65622,65910,64206,65384,,,,,,,,
63505,63785,63987,65015,,,,,,,,
65571,64118,64902,64767,,,,,,,,
74685,102928,74436,74613,,,,,,,,
68204,67516,68967,65355,,,,,,,,
68400,64651,66939,65962,,,,,,,,
66332,63760,64070,64732,,,,,,,,
66274,66099,64001,64353,,,,,,,,
63863,66225,65699,64607,,,,,,,,
74834,103792,75784,75079,,,,,,,,
68443,65676,68051,64810,,,,,,,,
66057,65451,65723,64743,,,,,,,,
66682,63658,66205,65196,,,,,,,,
65214,65309,64570,66161,,,,,,,,
66567,65434,63718,63911,,,,,,,,
74560,103602,76995,75113,,,,,,,,
68592,66956,67743,66277,,,,,,,,
65620,64622,66465,64399,,,,,,,,
65850,66047,66011,64596,,,,,,,,
64330,64903,65259,65683,,,,,,,,
63555,63199,64928,64515,,,,,,,,
73487,102051,74529,76311,,,,,,,,
67755,67741,68077,65333,,,,,,,,
65626,64755,66196,64658,,,,,,,,
66051,65086,65005,64870,,,,,,,,
64427,65448,65232,64257,,,,,,,,
64096,64909,65946,65695,,,,,,,,
80576,109820,79549,81715,,,,,,,,
72963,71649,73459,69336,,,,,,,,
70279,69714,70863,71187,,,,,,,,
70239,69797,70820,70540,,,,,,,,
70603,70636,69176,69810,,,,,,,,
70696,70033,69824,69403,,,,,,,,
78536,108795,80851,82139,,,,,,,,
71767,71416,73407,70430,,,,,,,,
69787,71532,71457,71189,,,,,,,,
71158,69934,69388,69405,,,,,,,,
68728,68222,70253,68904,,,,,,,,
68963,69503,69214,69734,,,,,,,,
80138,106221,80451,79404,,,,,,,,
72367,72370,73381,69707,,,,,,,,
71281,69273,70133,68566,,,,,,,,
69449,69442,69290,69459,,,,,,,,
70668,68943,68207,69977,,,,,,,,
69199,69188,69926,70191,,,,,,,,
80482,108809,79845,80806,,,,,,,,
71406,72097,73477,70543,,,,,,,,
71358,70007,70713,68518,,,,,,,,
69647,68840,71506,70757,,,,,,,,
69651,70031,68678,68967,,,,,,,,
69855,70361,69063,67727,,,,,,,,
79923,108260,78994,80975,,,,,,,,
72767,71954,72960,70269,,,,,,,,
72292,69515,70878,71041,,,,,,,,
70385,68625,68908,69212,,,,,,,,
70168,68324,70556,69471,,,,,,,,
69860,70435,69548,70307,,,,,,,,
85035,112614,84153,85217,,,,,,,,
77206,77106,77452,74353,,,,,,,,
74232,74334,76184,74601,,,,,,,,
75010,74352,75810,75513,,,,,,,,
73941,73161,74898,72838,,,,,,,,
73427,74584,73078,73237,,,,,,,,
82803,114801,83868,86211,,,,,,,,
76386,75792,77626,74319,,,,,,,,
76687,75033,75224,73102,,,,,,,,
75050,74056,75876,75012,,,,,,,,
75966,75895,74417,73812,,,,,,,,
74175,76087,75415,74008,,,,,,,,
84608,113937,85324,86425,,,,,,,,
77450,76293,76369,74984,,,,,,,,
75751,74268,75332,75545,,,,,,,,
74508,74224,74723,74585,,,,,,,,
74059,74620,74390,75845,,,,,,,,
73933,75180,73976,73811,,,,,,,,
83170,113081,85701,84569,,,,,,,,
77819,76246,78078,74822,,,,,,,,
75097,74175,74571,74656,,,,,,,,
74515,73801,74988,74421,,,,,,,,
74174,74980,74834,73282,,,,,,,,
74830,73853,74460,75393,,,,,,,,
84294,113658,84517,84522,,,,,,,,
75768,77332,77742,74771,,,,,,,,
74011,74468,75868,74863,,,,,,,,
74550,74761,74917,73868,,,,,,,,
73962,74582,75960,73610,,,,,,,,
74715,73335,75092,73466,,,,,,,,
87185,118994,91312,89770,,,,,,,,
81866,80531,81927,78789,,,,,,,,
79854,79139,80328,78357,,,,,,,,
78666,78422,78409,78670,,,,,,,,
79421,79371,79045,78632,,,,,,,,
79738,79113,80320,80162,,,,,,,,
89267,117571,90240,90457,,,,,,,,
82295,81383,81695,79285,,,,,,,,
81203,78718,79976,79157,,,,,,,,
78732,78797,80355,80386,,,,,,,,
80326,79649,78797,79251,,,,,,,,
79672,78289,78806,80193,,,,,,,,
88325,118409,91781,89359,,,,,,,,
82321,80444,81472,79663,,,,,,,,
81486,79478,80201,79986,,,,,,,,
80835,80197,79288,78856,,,,,,,,
78660,78576,79215,80409,,,,,,,,
79826,78544,78714,78902,,,,,,,,
89345,117282,89941,89779,,,,,,,,
84077,81677,81954,78893,,,,,,,,
80265,79454,80274,79490,,,,,,,,
80037,78285,81228,80357,,,,,,,,
80169,79687,79456,78156,,,,,,,,
78853,79688,78009,77381,,,,,,,,
88509,117190,89990,89584,,,,,,,,
82022,80500,82444,79631,,,,,,,,
80184,79349,80588,79634,,,,,,,,
80852,78957,79390,79681,,,,,,,,
79068,79224,79011,78965,,,,,,,,
78937,78734,79386,78513,,,,,,,,
93727,124105,94336,94602,,,,,,,,
86218,85963,86956,83498,,,,,,,,
84392,84268,84650,82504,,,,,,,,
84238,84232,84392,83917,,,,,,,,
85692,84647,84888,83880,,,,,,,,
84257,82865,85217,83594,,,,,,,,
93719,122877,93945,94680,,,,,,,,
87936,84943,86465,84143,,,,,,,,
85119,83373,85477,82826,,,,,,,,
84810,83776,85163,84079,,,,,,,,
85150,82793,84033,84266,,,,,,,,
84191,84892,84948,83308,,,,,,,,
94754,123752,93009,93433,,,,,,,,
86640,86189,87989,82997,,,,,,,,
86394,85644,83759,82569,,,,,,,,
84236,84264,85795,84347,,,,,,,,
83770,83928,84100,83571,,,,,,,,
85606,85100,84185,84323,,,,,,,,
93099,123254,93647,95536,,,,,,,,
87780,86866,88160,83003,,,,,,,,
85517,82899,83975,83650,,,,,,,,
83611,85101,84727,84401,,,,,,,,
83028,84053,83135,83931,,,,,,,,
84407,83779,82869,83699,,,,,,,,
93920,122740,95054,95740,,,,,,,,
87140,87236,87154,84028,,,,,,,,
84754,84645,86046,83902,,,,,,,,
84950,85556,85325,84061,,,,,,,,
84662,83885,83087,84489,,,,,,,,
85361,84578,83797,82695,,,,,,,,
98183,128036,97992,99617,,,,,,,,
91384,90497,91867,87939,,,,,,,,
89352,89793,89437,88831,,,,,,,,
90875,88956,89927,89282,,,,,,,,
88836,89936,88713,90166,,,,,,,,
89240,88807,90823,87949,,,,,,,,
97413,127500,98157,98461,,,,,,,,
92325,90515,92550,88546,,,,,,,,
89918,88433,90333,87605,,,,,,,,
88498,90355,89327,89521,,,,,,,,
89762,87508,89348,88658,,,,,,,,
87573,88839,89686,89452,,,,,,,,
98634,127912,100089,97658,,,,,,,,
92356,89775,90482,89055,,,,,,,,
89147,87455,90831,87449,,,,,,,,
88346,88650,89418,88378,,,,,,,,
89009,88829,88024,89140,,,,,,,,
88483,89764,88072,88066,,,,,,,,
97972,127560,99466,97992,,,,,,,,
93066,90151,91220,88736,,,,,,,,
91039,88276,90132,89669,,,,,,,,
90101,89682,88220,89371,,,,,,,,
89862,88113,88132,87706,,,,,,,,
90275,87779,88692,88806,,,,,,,,
97657,129741,98541,99439,,,,,,,,
90423,90387,92198,89715,,,,,,,,
90930,89184,90094,87605,,,,,,,,
90376,89930,89808,88887,,,,,,,,
88242,88829,89544,88801,,,,,,,,
88040,89458,90437,87521,,,,,,,,
103673,131428,104098,104505,,,,,,,,
96827,94361,96782,94474,,,,,,,,
94299,94492,95216,93720,,,,,,,,
93817,94396,93604,94580,,,,,,,,
94188,92928,93814,91472,,,,,,,,
94861,93346,94133,93482,,,,,,,,
102158,132246,105713,103831,,,,,,,,
95362,95089,96775,92917,,,,,,,,
94404,93077,94772,93430,,,,,,,,
93343,93088,92766,91923,,,,,,,,
95007,94277,95314,93734,,,,,,,,
95193,95478,93927,93694,,,,,,,,
104184,133258,104663,103856,,,,,,,,
95727,95037,95550,91412,,,,,,,,
94907,92389,95888,94053,,,,,,,,
94950,93001,94755,92856,,,,,,,,
94110,94371,95636,93490,,,,,,,,
94612,95054,93928,93697,,,,,,,,
102042,132777,103694,103260,,,,,,,,
96215,94105,96285,94398,,,,,,,,
92641,91953,95388,93954,,,,,,,,
93399,94863,94541,92394,,,,,,,,
94869,93464,93891,93479,,,,,,,,
93390,91808,93103,93922,,,,,,,,
103129,131524,103749,104304,,,,,,,,
95500,95067,95910,92269,,,,,,,,
95298,94543,95591,93719,,,,,,,,
93391,94620,93265,94139,,,,,,,,
94295,92361,93789,93914,,,,,,,,
94613,91945,93221,94804,,,,,,,,
106885,136765,109017,108617,,,,,,,,
101224,99376,101413,98742,,,,,,,,
99275,98133,101042,99035,,,,,,,,
99200,99269,98907,98925,,,,,,,,
98092,97768,100330,99371,,,,,,,,
98982,96496,97285,97766,,,,,,,,
107066,137012,109477,109575,,,,,,,,
101082,99623,99080,97440,,,,,,,,
99665,98793,97568,99104,,,,,,,,
99045,98330,100562,99642,,,,,,,,
98028,99657,98582,98858,,,,,,,,
99235,97401,97122,98121,,,,,,,,
106773,137315,109643,108613,,,,,,,,
101231,98777,102232,98325,,,,,,,,
101045,97147,99394,99293,,,,,,,,
99124,98938,98096,97771,,,,,,,,
98726,98324,98674,98698,,,,,,,,
98273,98102,99408,98721,,,,,,,,
106187,139229,109469,109558,,,,,,,,
101911,99725,101025,97576,,,,,,,,
98941,97691,98043,98348,,,,,,,,
98910,98005,97644,97322,,,,,,,,
99331,98720,99745,97196,,,,,,,,
98641,98221,99496,98169,,,,,,,,
106943,138409,108789,109833,,,,,,,,
101481,99763,101274,98012,,,,,,,,
98450,99589,99409,98536,,,,,,,,
98613,97454,96786,98778,,,,,,,,
97475,98571,97691,98502,,,,,,,,
98535,97735,98112,97366,,,,,,,,
110502,141670,112721,114131,,,,,,,,
106042,104908,107647,103395,,,,,,,,
103700,102076,102424,103202,,,,,,,,
104194,103055,102947,103145,,,,,,,,
103045,102415,104055,103421,,,,,,,,
102573,103414,104350,104968,,,,,,,,
110539,141638,112538,112423,,,,,,,,
107500,104726,105707,102795,,,,,,,,
103803,103761,104420,103433,,,,,,,,
105143,103473,103291,103868,,,,,,,,
102425,103244,101871,102740,,,,,,,,
104033,101528,102967,104285,,,,,,,,
111842,143417,113081,114161,,,,,,,,
104715,104172,105694,102266,,,,,,,,
103141,103579,103606,103800,,,,,,,,
103230,102529,104498,103309,,,,,,,,
103428,104057,102415,102760,,,,,,,,
102284,102296,101844,103165,,,,,,,,
111751,143827,113466,112720,,,,,,,,
104717,105438,106596,102914,,,,,,,,
103344,103721,105314,102626,,,,,,,,
101809,102846,102764,102059,,,,,,,,
103871,102508,102059,102621,,,,,,,,
102406,102596,104642,103441,,,,,,,,
111437,142134,113431,114201,,,,,,,,
106083,105988,106133,103814,,,,,,,,
102437,102422,103923,102837,,,,,,,,
103483,104136,103082,103532,,,,,,,,
103328,103591,103137,103478,,,,,,,,
102644,102890,102919,101070,,,,,,,,
117926,146112,119995,119091,,,,,,,,
109420,109555,110690,106930,,,,,,,,
108930,107041,108769,107902,,,,,,,,
106926,107707,108590,107696,,,,,,,,
107483,106980,107618,108713,,,,,,,,
107841,106922,107284,109259,,,,,,,,
118043,146679,118783,119138,,,,,,,,
111744,109447,111107,108700,,,,,,,,
109361,106399,108782,108160,,,,,,,,
109116,106956,107068,108224,,,,,,,,
106698,107609,107872,109073,,,,,,,,
107564,108339,108310,107369,,,,,,,,
115859,146635,118290,117780,,,,,,,,
109942,110687,111528,107751,,,,,,,,
109072,108689,110393,107161,,,,,,,,
110090,108624,108288,107596,,,,,,,,
107399,108187,108389,107132,,,,,,,,
106793,106287,107400,108515,,,,,,,,
117047,146889,118415,118547,,,,,,,,
110309,110662,111504,108024,,,,,,,,
108778,108662,110575,107645,,,,,,,,
109225,107432,107829,106495,,,,,,,,
107464,106721,108087,107529,,,,,,,,
109625,107807,109252,107445,,,,,,,,
116282,145964,117868,118497,,,,,,,,
110778,111228,110028,109160,,,,,,,,
109747,108137,109506,107938,,,,,,,,
107682,106787,110049,106776,,,,,,,,
107452,104904,108089,107004,,,,,,,,
108703,107385,108612,108370,,,,,,,,
121494,151612,121512,123100,,,,,,,,
114108,114288,114642,112850,,,,,,,,
112665,112563,114463,112016,,,,,,,,
113476,111573,112683,113713,,,,,,,,
113271,113603,113541,114031,,,,,,,,
112229,112082,114168,112398,,,,,,,,
120954,152443,123499,122162,,,,,,,,
115862,114002,114732,111828,,,,,,,,
113746,110767,113570,110975,,,,,,,,
112781,113224,112993,113551,,,,,,,,
112609,112670,112899,112099,,,,,,,,
111774,114787,112794,111947,,,,,,,,
122208,150639,123011,121775,,,,,,,,
116399,114394,115010,112297,,,,,,,,
114720,112749,113376,113548,,,,,,,,
111793,114025,112978,112971,,,,,,,,
113064,113077,114007,112668,,,,,,,,
111000,111723,114495,113390,,,,,,,,
121456,151885,122634,122968,,,,,,,,
115395,113668,116876,111536,,,,,,,,
112667,112924,114850,110894,,,,,,,,
111769,113662,113931,112709,,,,,,,,
114186,113343,111760,112542,,,,,,,,
112864,111791,114056,111687,,,,,,,,
121691,151631,123081,121602,,,,,,,,
116977,115635,114464,111654,,,,,,,,
113274,112604,113618,112807,,,,,,,,
112320,112437,114114,112257,,,,,,,,
112355,113442,112496,112383,,,,,,,,
112733,112530,110944,113414,,,,,,,,
28799,60639,29586,28957,,,,,,,,
22870,24116,24052,21868,,,,,,,,
22535,21617,22159,21318,,,,,,,,
21954,22065,21787,21473,,,,,,,,
21898,22193,21802,21823,,,,,,,,
20739,22493,21991,21277,,,,,,,,
29729,59655,28371,27897,,,,,,,,
23511,23922,23574,22282,,,,,,,,
23203,21710,22735,21135,,,,,,,,
22400,22329,21586,22674,,,,,,,,
22129,21057,20854,21298,,,,,,,,
21276,21922,22079,21537,,,,,,,,
28074,61564,28796,29424,,,,,,,,
23075,23954,22965,22471,,,,,,,,
22041,22365,22804,21983,,,,,,,,
22490,22053,22315,22282,,,,,,,,
22344,22484,21395,23174,,,,,,,,
21867,22660,21281,22274,,,,,,,,
28754,59929,28454,28274,,,,,,,,
23850,24118,24116,22400,,,,,,,,
22303,21594,23820,22530,,,,,,,,
22039,22001,21987,21559,,,,,,,,
22264,22196,21693,21849,,,,,,,,
22638,21899,21562,21256,,,,,,,,
29000,58145,28060,28593,,,,,,,,
23105,23988,23592,21798,,,,,,,,
22921,21711,21823,21588,,,,,,,,
21148,22328,21440,21541,,,,,,,,
21573,22362,22127,21262,,,,,,,,
22183,21241,22598,21284,,,,,,,,
33011,68513,33125,33127,,,,,,,,
28759,29369,27842,25678,,,,,,,,
27142,26796,27689,26195,,,,,,,,
27264,25365,27178,26206,,,,,,,,
27164,26977,25442,26111,,,,,,,,
25990,25756,27230,26938,,,,,,,,
31496,67152,34972,33949,,,,,,,,
28007,28872,27956,25459,,,,,,,,
27611,26512,27711,27649,,,,,,,,
26367,26788,26342,26625,,,,,,,,
25841,27204,26176,26067,,,,,,,,
26650,26838,26020,26192,,,,,,,,
32731,68401,33621,34088,,,,,,,,
29004,28338,28043,26672,,,,,,,,
26697,26351,27254,26932,,,,,,,,
26703,27244,27207,26188,,,,,,,,
27021,26805,26109,25846,,,,,,,,
26947,27054,26930,26975,,,,,,,,
34240,66276,33827,33799,,,,,,,,
29165,28187,27635,26615,,,,,,,,
27664,26494,28131,26929,,,,,,,,
26522,25555,27125,26219,,,,,,,,
26389,26263,27027,26880,,,,,,,,
26382,25979,25267,27960,,,,,,,,
32764,63250,32794,33222,,,,,,,,
29042,27640,28962,26110,,,,,,,,
26233,27080,27296,26651,,,,,,,,
27428,26851,27246,26499,,,,,,,,
26364,26516,25604,26976,,,,,,,,
25943,26993,26925,27164,,,,,,,,
38838,70413,39266,39113,,,,,,,,
33288,33895,33096,32079,,,,,,,,
32385,32383,32112,31169,,,,,,,,
31256,30747,31314,31011,,,,,,,,
32198,31658,31075,31779,,,,,,,,
31739,30694,31815,31037,,,,,,,,
38713,71893,38001,38645,,,,,,,,
33868,32335,33560,31460,,,,,,,,
31416,31265,31867,31265,,,,,,,,
31489,31028,31495,31411,,,,,,,,
30830,31121,31568,31325,,,,,,,,
31295,31605,30569,31746,,,,,,,,
37905,71250,39285,38614,,,,,,,,
32692,33267,32545,32228,,,,,,,,
32892,30870,32191,31095,,,,,,,,
30845,32513,31518,31787,,,,,,,,
31007,31579,31276,32282,,,,,,,,
31793,32009,32017,32319,,,,,,,,
38578,72614,37663,38478,,,,,,,,
33948,32771,33554,30621,,,,,,,,
32038,31493,32020,31323,,,,,,,,
31874,31159,31414,32469,,,,,,,,
31164,31072,32130,30820,,,,,,,,
31614,31398,31408,31362,,,,,,,,
37188,71331,39406,38307,,,,,,,,
33416,34073,33718,31818,,,,,,,,
31834,32114,31815,32333,,,,,,,,
32158,31271,31545,31528,,,,,,,,
31245,31569,31038,31199,,,,,,,,
30665,30677,30680,31794,,,,,,,,
42121,74755,43633,44015,,,,,,,,
38134,38509,37981,35825,,,,,,,,
37233,35884,36462,36954,,,,,,,,
36956,37340,36579,36561,,,,,,,,
36103,35561,35558,35397,,,,,,,,
36225,35172,35887,36023,,,,,,,,
42484,72634,43593,42635,,,,,,,,
38407,38130,39479,35485,,,,,,,,
36837,36536,37250,36149,,,,,,,,
36619,36856,36029,35720,,,,,,,,
36429,36518,36431,34953,,,,,,,,
36034,35539,37127,36776,,,,,,,,
41976,73697,43467,44072,,,,,,,,
38531,37588,38210,35911,,,,,,,,
37676,36615,35997,36344,,,,,,,,
36923,36312,36425,36153,,,,,,,,
36405,35494,36744,36395,,,,,,,,
35021,35131,36552,36466,,,,,,,,
42526,74009,43931,43057,,,,,,,,
38432,38357,38553,37147,,,,,,,,
36027,37745,36841,36131,,,,,,,,
37127,36029,36504,35452,,,,,,,,
35068,36716,36059,34961,,,,,,,,
36526,36588,36564,36465,,,,,,,,
43958,75860,41833,43273,,,,,,,,
37892,37791,38368,36391,,,,,,,,
36970,35311,36693,35637,,,,,,,,
37286,36156,35385,36821,,,,,,,,
36177,35116,36084,36454,,,,,,,,
35070,36868,36654,36906,,,,,,,,
48641,79485,50299,49787,,,,,,,,
42315,42321,43871,41140,,,,,,,,
42610,41035,43297,41605,,,,,,,,
41709,41980,41233,40182,,,,,,,,
40244,41734,41012,40218,,,,,,,,
42354,41006,40457,42344,,,,,,,,
47355,77811,49016,49197,,,,,,,,
42542,43495,44154,41403,,,,,,,,
42026,40852,41328,41012,,,,,,,,
40798,40890,42096,41272,,,,,,,,
40903,40097,40985,40149,,,,,,,,
40491,40089,41198,41449,,,,,,,,
49007,80198,49084,48276,,,,,,,,
43372,42472,42322,40518,,,,,,,,
41355,40692,41760,40213,,,,,,,,
41242,40579,41745,40487,,,,,,,,
40380,41113,40875,41072,,,,,,,,
40355,39898,41973,41108,,,,,,,,
48030,79193,48326,48715,,,,,,,,
43089,43146,42237,41120,,,,,,,,
41503,40868,40761,40028,,,,,,,,
39625,41286,41269,40934,,,,,,,,
40463,40005,40295,42432,,,,,,,,
40715,39911,42464,42165,,,,,,,,
49142,78515,48439,48502,,,,,,,,
42001,42447,43141,41493,,,,,,,,
41504,40838,40327,41643,,,,,,,,
40837,40427,41341,41348,,,,,,,,
39822,40366,40802,41221,,,,,,,,
40614,40384,40824,41580,,,,,,,,
53011,85334,53642,53656,,,,,,,,
48593,47327,48208,45834,,,,,,,,
46090,45276,47140,45028,,,,,,,,
45909,46254,45995,45638,,,,,,,,
43604,45539,45281,46495,,,,,,,,
44405,46040,45246,45999,,,,,,,,
52358,82393,53736,52264,,,,,,,,
48152,47633,47941,45888,,,,,,,,
46704,47361,47410,45907,,,,,,,,
45957,45565,44640,46212,,,,,,,,
46491,44491,45733,45808,,,,,,,,
45963,45975,45539,46053,,,,,,,,
52819,84302,53837,53347,,,,,,,,
47646,46567,47175,46495,,,,,,,,
46285,46418,47295,44948,,,,,,,,
45509,45845,45309,45975,,,,,,,,
45383,45923,45729,44856,,,,,,,,
44733,45760,44849,46856,,,,,,,,
54893,83910,53074,53275,,,,,,,,
48567,46887,47736,46512,,,,,,,,
46930,46423,45903,47840,,,,,,,,
45930,44746,45554,45549,,,,,,,,
45869,46214,46025,45523,,,,,,,,
45415,45032,45304,45564,,,,,,,,
52192,83767,53947,53861,,,,,,,,
47639,47713,48585,45680,,,,,,,,
46671,45799,46476,45414,,,,,,,,
46440,46655,45669,45730,,,,,,,,
46540,45182,46592,46020,,,,,,,,
44985,45496,45962,45606,,,,,,,,
57941,88983,57490,58233,,,,,,,,
52548,51227,52354,49674,,,,,,,,
52247,51556,51731,50214,,,,,,,,
51054,50733,50183,50100,,,,,,,,
50143,49890,50838,51186,,,,,,,,
51364,51072,50537,49837,,,,,,,,
57652,85793,57448,57922,,,,,,,,
53126,52668,52648,49695,,,,,,,,
51230,51863,51228,50348,,,,,,,,
51309,49820,51096,50801,,,,,,,,
50633,49555,50275,50026,,,,,,,,
51355,50794,50974,50876,,,,,,,,
58058,88560,58581,58029,,,,,,,,
52577,52217,52779,50257,,,,,,,,
51429,50043,51268,52074,,,,,,,,
51428,50528,51212,50459,,,,,,,,
50891,50748,49939,50972,,,,,,,,
50725,51225,50899,50400,,,,,,,,
56346,88315,58772,58642,,,,,,,,
51841,52047,53749,50070,,,,,,,,
49785,50222,50958,49742,,,,,,,,
50589,50773,50468,50922,,,,,,,,
50027,50692,48556,50019,,,,,,,,
50773,49485,50683,50814,,,,,,,,
58111,89528,58635,58327,,,,,,,,
52635,52155,51995,51382,,,,,,,,
51164,50931,51127,50094,,,,,,,,
50816,50658,51145,50723,,,,,,,,
50221,50662,51057,50508,,,,,,,,
49263,49945,49482,50119,,,,,,,,
61784,94304,62574,63147,,,,,,,,
57901,56603,57798,56135,,,,,,,,
56193,55381,56674,55242,,,,,,,,
55023,54444,55660,55632,,,,,,,,
56248,54817,55767,53358,,,,,,,,
55121,55063,56379,55525,,,,,,,,
61342,92639,63137,62884,,,,,,,,
57862,56490,57594,56695,,,,,,,,
56281,55865,55138,55715,,,,,,,,
55914,54548,54565,53887,,,,,,,,
55552,56106,55528,54930,,,,,,,,
56475,55392,54948,55505,,,,,,,,
63586,93836,62871,62828,,,,,,,,
59017,57328,57684,55235,,,,,,,,
57010,55688,55665,55808,,,,,,,,
54822,54932,55210,54857,,,,,,,,
55136,55137,55570,54059,,,,,,,,
55146,55396,55360,56214,,,,,,,,
63426,96037,61973,63157,,,,,,,,
57827,57404,58259,55045,,,,,,,,
56447,54990,55642,55538,,,,,,,,
54687,55468,56433,56470,,,,,,,,
55669,55028,55777,56381,,,,,,,,
54061,55834,55628,55356,,,,,,,,
62295,93304,62553,63286,,,,,,,,
57632,57131,57134,55801,,,,,,,,
55351,55123,57079,55328,,,,,,,,
55070,55552,55213,55422,,,,,,,,
55498,54361,54486,55335,,,,,,,,
55170,55584,54933,54848,,,,,,,,
67208,100433,70100,69127,,,,,,,,
61954,61164,63182,59947,,,,,,,,
60803,59532,60069,59884,,,,,,,,
59993,59295,60914,61047,,,,,,,,
60211,60062,61913,59117,,,,,,,,
59893,60019,60496,59930,,,,,,,,
66887,96819,66128,67494,,,,,,,,
62113,63162,62782,59929,,,,,,,,
60290,60429,61744,59746,,,,,,,,
61426,61031,60123,59841,,,,,,,,
59511,59476,60347,58960,,,,,,,,
60985,61440,59315,60173,,,,,,,,
67412,97335,67945,67938,,,,,,,,
61671,62629,62411,60205,,,,,,,,
61272,60229,60346,60561,,,,,,,,
59702,59815,60561,60499,,,,,,,,
60911,61237,59501,58580,,,,,,,,
60323,59280,60416,60718,,,,,,,,
67638,98860,66527,66629,,,,,,,,
62692,61964,62476,59455,,,,,,,,
61015,60429,61216,60299,,,,,,,,
60030,60450,60458,60506,,,,,,,,
59654,60811,59781,59513,,,,,,,,
60671,60334,59977,59193,,,,,,,,
67820,100777,67029,68539,,,,,,,,
61109,62359,62598,59849,,,,,,,,
60005,60658,60170,60415,,,,,,,,
62141,60385,59654,60731,,,,,,,,
61139,59498,59061,60691,,,,,,,,
61201,60912,61020,59852,,,,,,,,
71354,102484,73028,72198,,,,,,,,
66120,66756,67658,65965,,,,,,,,
66830,65038,64345,65962,,,,,,,,
65947,63471,64510,63140,,,,,,,,
65033,63517,65323,64990,,,,,,,,
66299,64300,66053,63891,,,,,,,,
71895,104191,72738,71635,,,,,,,,
67268,66650,68074,64943,,,,,,,,
64986,65954,66005,64831,,,,,,,,
64625,64329,64900,64244,,,,,,,,
63670,65216,65864,65041,,,,,,,,
64351,65264,63347,64082,,,,,,,,
72263,103872,73313,73935,,,,,,,,
67540,67665,66582,65753,,,,,,,,
65309,65148,65931,64471,,,,,,,,
65171,64321,65451,64470,,,,,,,,
65178,64920,66047,63982,,,,,,,,
66391,65404,65072,65240,,,,,,,,
71253,105626,72660,74059,,,,,,,,
67491,66561,67843,64931,,,,,,,,
65162,66544,66208,64903,,,,,,,,
65254,64400,64720,64438,,,,,,,,
65000,65157,64552,65675,,,,,,,,
64516,64723,63994,63948,,,,,,,,
72719,104769,71823,72145,,,,,,,,
67691,66823,66300,65455,,,,,,,,
64840,64667,65229,64559,,,,,,,,
66040,65584,64937,64134,,,,,,,,
64049,64488,64489,64174,,,,,,,,
64055,65222,64593,64120,,,,,,,,
78019,107765,76768,77274,,,,,,,,
71675,72507,71851,69064,,,,,,,,
69060,70441,71405,70099,,,,,,,,
69419,69843,70481,69832,,,,,,,,
70085,70422,71165,69683,,,,,,,,
68808,69804,68895,69869,,,,,,,,
75060,109129,77687,78062,,,,,,,,
71720,72495,73210,70197,,,,,,,,
71055,69740,69792,70032,,,,,,,,
69869,69166,69772,68819,,,,,,,,
69396,69409,70538,70860,,,,,,,,
70610,69591,69683,69872,,,,,,,,
76498,106211,77747,78221,,,,,,,,
72326,71372,73050,69554,,,,,,,,
71641,68933,69508,70372,,,,,,,,
68881,69425,68412,70183,,,,,,,,
69183,70070,71287,68656,,,,,,,,
70975,70745,69771,70695,,,,,,,,
78284,108754,77996,78178,,,,,,,,
72387,72023,71598,69570,,,,,,,,
70262,69711,71068,69145,,,,,,,,
70328,69616,69713,69550,,,,,,,,
70888,69069,69242,70217,,,,,,,,
70068,69715,69377,69711,,,,,,,,
76442,108748,76184,77693,,,,,,,,
71623,71626,71530,69341,,,,,,,,
70926,70240,70203,70066,,,,,,,,
70020,69851,69848,69998,,,,,,,,
70396,69335,68746,68323,,,,,,,,
69681,69546,70157,69817,,,,,,,,
81632,111422,83371,80445,,,,,,,,
77309,76156,75218,76008,,,,,,,,
74531,73041,75791,74098,,,,,,,,
74323,73978,74684,73717,,,,,,,,
73584,74037,74356,75246,,,,,,,,
74085,73608,73489,74646,,,,,,,,
81940,113519,81311,82019,,,,,,,,
76054,76561,77045,73851,,,,,,,,
74210,72512,76864,74671,,,,,,,,
74096,74742,73536,74431,,,,,,,,
75496,74113,75227,74209,,,,,,,,
75477,74842,74746,74280,,,,,,,,
81755,112550,81943,83055,,,,,,,,
76124,75703,76748,74594,,,,,,,,
74815,74572,75872,73561,,,,,,,,
74073,75038,74761,74389,,,,,,,,
74300,73888,73048,74774,,,,,,,,
73123,73579,74322,74594,,,,,,,,
82036,114298,81036,81687,,,,,,,,
77699,76505,76843,75618,,,,,,,,
75484,75545,74884,75314,,,,,,,,
74296,75764,74398,74155,,,,,,,,
74267,72962,76161,74396,,,,,,,,
74552,74520,74238,73852,,,,,,,,
82561,112288,82333,81250,,,,,,,,
77560,76659,78039,73635,,,,,,,,
74737,74876,75047,74633,,,,,,,,
74805,75328,74781,75874,,,,,,,,
73884,73979,74291,75903,,,,,,,,
73920,74655,73584,74118,,,,,,,,
86353,118241,86242,87078,,,,,,,,
81649,80610,82631,79276,,,,,,,,
80768,78089,80045,79674,,,,,,,,
78231,78196,79769,79345,,,,,,,,
81622,80049,79261,79680,,,,,,,,
79454,78873,78384,78130,,,,,,,,
86125,116970,86693,87642,,,,,,,,
81894,80436,82419,79222,,,,,,,,
78904,78418,80741,77550,,,,,,,,
79937,79373,81094,79296,,,,,,,,
79193,80741,80166,78711,,,,,,,,
78895,79065,79008,79447,,,,,,,,
85995,119025,86629,86921,,,,,,,,
81553,81052,81014,79218,,,,,,,,
81394,78545,80034,78539,,,,,,,,
79285,79611,80129,78046,,,,,,,,
79354,79702,79412,79015,,,,,,,,
79101,80774,78439,80698,,,,,,,,
86014,117513,87508,88430,,,,,,,,
81782,78708,82352,81283,,,,,,,,
81816,79524,80184,79645,,,,,,,,
80066,79203,78739,79666,,,,,,,,
79553,79515,79471,79734,,,,,,,,
80087,80264,79402,79574,,,,,,,,
85942,118913,85558,86473,,,,,,,,
80404,80102,81275,79726,,,,,,,,
80495,79778,80415,80702,,,,,,,,
79584,78560,79578,78756,,,,,,,,
80373,80834,80307,78899,,,,,,,,
78999,80999,79211,79221,,,,,,,,
89531,123152,92047,92036,,,,,,,,
86553,85906,85347,84543,,,,,,,,
84454,84080,84396,83539,,,,,,,,
83856,82992,84544,84152,,,,,,,,
83624,83111,84594,83564,,,,,,,,
84299,85494,84545,84530,,,,,,,,
90973,121574,90466,90942,,,,,,,,
85680,86164,86751,84790,,,,,,,,
85026,82780,85113,84899,,,,,,,,
83318,84048,85002,85028,,,,,,,,
86053,83588,84437,84958,,,,,,,,
83091,84151,83701,84785,,,,,,,,
90351,124525,92845,91476,,,,,,,,
86199,86376,86769,84584,,,,,,,,
84679,83776,84495,83863,,,,,,,,
83649,82536,85219,83796,,,,,,,,
84951,83832,84165,84548,,,,,,,,
84061,83555,83407,84041,,,,,,,,
92549,124020,91698,92754,,,,,,,,
86416,86461,86923,85039,,,,,,,,
85006,84009,86216,83914,,,,,,,,
84477,83604,84667,84234,,,,,,,,
85369,83097,84766,85003,,,,,,,,
83425,84286,84753,83523,,,,,,,,
92192,121571,92499,92827,,,,,,,,
86230,85659,86861,83336,,,,,,,,
86643,84634,84727,82245,,,,,,,,
84033,84174,82610,85056,,,,,,,,
85020,83958,83935,82983,,,,,,,,
83424,83785,81749,83960,,,,,,,,
95368,127116,95855,97546,,,,,,,,
90673,91863,90907,89007,,,,,,,,
88442,89066,89232,90091,,,,,,,,
88424,87942,89016,89646,,,,,,,,
89637,88437,90225,89843,,,,,,,,
87049,89549,89141,88677,,,,,,,,
96248,128797,96623,96135,,,,,,,,
91188,91176,90612,88852,,,,,,,,
89113,88177,89470,88895,,,,,,,,
89381,87300,87987,88915,,,,,,,,
88410,88254,86830,89328,,,,,,,,
86946,87630,87643,89681,,,,,,,,
94773,125770,96229,97584,,,,,,,,
91327,90586,90192,87707,,,,,,,,
88952,87201,89297,86780,,,,,,,,
88252,88235,87964,88456,,,,,,,,
87092,88711,89427,88342,,,,,,,,
88329,89335,90136,89947,,,,,,,,
95957,127753,95928,95888,,,,,,,,
90729,91250,90839,88455,,,,,,,,
88593,88934,90427,89143,,,,,,,,
88592,89180,89987,87364,,,,,,,,
88074,88318,89121,87727,,,,,,,,
89798,90991,88552,88586,,,,,,,,
97076,129152,96576,95009,,,,,,,,
92193,91759,91546,88434,,,,,,,,
88994,89323,89213,89576,,,,,,,,
90959,88455,88223,88545,,,,,,,,
89014,88751,88086,89266,,,,,,,,
89349,88656,89744,89628,,,,,,,,
101352,131635,100864,100447,,,,,,,,
94642,95781,96467,93532,,,,,,,,
94628,95728,95321,91933,,,,,,,,
93550,93675,93640,93663,,,,,,,,
94245,93700,92587,94472,,,,,,,,
94627,92323,92793,94133,,,,,,,,
100032,130883,102166,101116,,,,,,,,
96898,95124,96519,94175,,,,,,,,
94922,92994,94912,94359,,,,,,,,
94616,94594,95078,92931,,,,,,,,
93135,94265,93950,93125,,,,,,,,
95461,92418,93527,94371,,,,,,,,
100376,133655,101949,100163,,,,,,,,
97905,95469,95592,92680,,,,,,,,
93134,93795,95094,94488,,,,,,,,
92865,94559,94079,93056,,,,,,,,
93382,93462,93990,94224,,,,,,,,
92682,93091,93146,94458,,,,,,,,
100430,132866,101369,101692,,,,,,,,
96570,96164,97246,93486,,,,,,,,
95018,93655,93267,94117,,,,,,,,
92004,93130,93037,93612,,,,,,,,
94709,93046,93711,93499,,,,,,,,
94282,93142,91865,93217,,,,,,,,
100620,132897,100656,101068,,,,,,,,
95469,96307,95629,92955,,,,,,,,
95516,94232,95516,93785,,,,,,,,
92603,94278,93542,91737,,,,,,,,
94552,93170,95530,91087,,,,,,,,
94261,93026,94112,92569,,,,,,,,
105850,136874,106047,106416,,,,,,,,
100965,100775,100516,97176,,,,,,,,
98102,99421,98626,99357,,,,,,,,
99081,99102,98744,98252,,,,,,,,
98637,98287,98198,98226,,,,,,,,
97761,97697,99125,97362,,,,,,,,
105864,139496,107022,107032,,,,,,,,
100898,100091,101525,97167,,,,,,,,
99107,98164,101161,98528,,,,,,,,
100266,99479,99650,97983,,,,,,,,
97229,98028,99662,97020,,,,,,,,
97454,98599,100188,99283,,,,,,,,
105919,136969,104970,105596,,,,,,,,
99718,99492,101543,98124,,,,,,,,
98620,98874,99141,97791,,,,,,,,
98779,97042,100844,97651,,,,,,,,
98290,97653,98384,98882,,,,,,,,
99158,97536,96888,98038,,,,,,,,
107112,138088,105853,105617,,,,,,,,
101803,101020,100676,99235,,,,,,,,
98018,99913,99221,98154,,,,,,,,
98518,97439,99636,99899,,,,,,,,
98274,98119,98724,98112,,,,,,,,
99328,98090,98130,98502,,,,,,,,
103976,135403,104135,105591,,,,,,,,
100572,98940,101460,98621,,,,,,,,
98814,97064,100545,97951,,,,,,,,
99098,98732,98427,98845,,,,,,,,
98394,98092,99014,97984,,,,,,,,
97082,98529,97904,97943,,,,,,,,
108700,141437,110359,112276,,,,,,,,
103338,104137,104948,102454,,,,,,,,
104543,102897,104879,104888,,,,,,,,
102370,102373,103077,102738,,,,,,,,
102604,104084,103190,101348,,,,,,,,
104092,104973,103960,103880,,,,,,,,
108702,142183,111005,111658,,,,,,,,
105927,106250,105102,103285,,,,,,,,
103222,101432,104661,103741,,,,,,,,
102403,102941,101989,102775,,,,,,,,
102729,104312,103753,103388,,,,,,,,
101893,102238,102563,103066,,,,,,,,
109292,140578,110091,110647,,,,,,,,
105123,104686,106002,103868,,,,,,,,
105569,101509,104670,103861,,,,,,,,
103317,103094,104926,102582,,,,,,,,
103146,103278,103443,103366,,,,,,,,
103582,103410,102647,101433,,,,,,,,
110256,141569,109586,110760,,,,,,,,
104446,105615,105225,102936,,,,,,,,
102867,103140,102806,103036,,,,,,,,
104122,101194,104070,102840,,,,,,,,
105090,104991,103955,104370,,,,,,,,
103552,103385,103187,103709,,,,,,,,
109127,140735,109823,110300,,,,,,,,
105690,104824,104221,102844,,,,,,,,
103231,103377,105595,103195,,,,,,,,
104844,103436,103465,101912,,,,,,,,
103148,102648,102699,103962,,,,,,,,
104138,103568,103227,101468,,,,,,,,
114961,148065,114577,116030,,,,,,,,
110906,108660,110849,108612,,,,,,,,
109001,108157,108038,108916,,,,,,,,
108647,106923,108218,107963,,,,,,,,
109258,108497,108828,107008,,,,,,,,
109683,108238,109325,107702,,,,,,,,
113888,145791,114956,115685,,,,,,,,
110403,110463,110313,108296,,,,,,,,
107989,107173,109762,109474,,,,,,,,
107654,108537,107929,107725,,,,,,,,
108917,107598,107354,109238,,,,,,,,
109203,108259,109594,108466,,,,,,,,
112560,148434,114572,114183,,,,,,,,
110158,111216,112012,104846,,,,,,,,
108318,108376,110154,108375,,,,,,,,
110039,107487,108730,106901,,,,,,,,
107497,106626,108719,106223,,,,,,,,
108990,108006,109145,108799,,,,,,,,
115366,144778,116017,113778,,,,,,,,
110114,110092,110500,107921,,,,,,,,
109544,108791,108336,108244,,,,,,,,
108396,109328,108572,109558,,,,,,,,
108869,107124,108240,108745,,,,,,,,
106848,107988,108220,110019,,,,,,,,
114667,145835,115111,116178,,,,,,,,
109856,110028,110619,106895,,,,,,,,
110007,107770,108194,106975,,,,,,,,
108383,107959,108268,107235,,,,,,,,
107918,109106,107440,108784,,,,,,,,
106688,108213,109172,107711,,,,,,,,
119094,151345,120929,120368,,,,,,,,
116400,114968,114101,112543,,,,,,,,
110781,111842,113305,113480,,,,,,,,
113382,113619,114008,112631,,,,,,,,
112755,112492,110054,113333,,,,,,,,
114139,112809,113116,112817,,,,,,,,
120174,151399,120458,119433,,,,,,,,
114371,113925,114563,113992,,,,,,,,
112334,113236,114428,113392,,,,,,,,
112619,112522,113661,114334,,,,,,,,
112619,111618,114534,113229,,,,,,,,
112100,112813,112510,114393,,,,,,,,
120111,152361,117703,118913,,,,,,,,
115048,114187,113325,112511,,,,,,,,
113353,111236,112962,112548,,,,,,,,
113179,111222,112529,113067,,,,,,,,
112955,112129,113517,111277,,,,,,,,
113025,112622,113267,113508,,,,,,,,
119444,150879,120225,119209,,,,,,,,
114537,113821,113833,112418,,,,,,,,
114120,111845,114916,112467,,,,,,,,
113535,112913,113997,113337,,,,,,,,
112386,112850,112617,112966,,,,,,,,
113346,113202,113076,111719,,,,,,,,
118214,151672,119218,120580,,,,,,,,
115620,115398,115085,113447,,,,,,,,
112683,113123,112879,113149,,,,,,,,
112654,111626,114670,112907,,,,,,,,
111349,111369,111691,114828,,,,,,,,
114525,111918,112852,111918,,,,,,,,
26380,59317,27851,26400,,,,,,,,
23810,24293,23182,21657,,,,,,,,
22549,22819,21620,22623,,,,,,,,
21602,21392,21681,21701,,,,,,,,
21775,22495,21559,21254,,,,,,,,
22285,21680,21313,20709,,,,,,,,
27361,61378,27232,26928,,,,,,,,
23816,24264,23368,21704,,,,,,,,
21691,22295,22541,22742,,,,,,,,
21358,22314,22748,21894,,,,,,,,
22396,22696,22042,21344,,,,,,,,
21180,21785,21585,22513,,,,,,,,
27503,64146,26906,26494,,,,,,,,
23624,23815,23294,20962,,,,,,,,
22054,22447,22834,22585,,,,,,,,
20497,22162,21210,22083,,,,,,,,
22184,21328,21342,21751,,,,,,,,
22253,22058,21907,21707,,,,,,,,
27443,59335,26892,27331,,,,,,,,
22819,23361,23099,21844,,,,,,,,
22487,21520,22516,22278,,,,,,,,
22125,22563,22270,21687,,,,,,,,
22594,21952,22098,22205,,,,,,,,
22027,22455,21927,21755,,,,,,,,
25667,60822,26780,26795,,,,,,,,
23572,23493,22788,21760,,,,,,,,
22275,21770,22270,21494,,,,,,,,
22429,20909,21894,21559,,,,,,,,
21807,21857,21581,20902,,,,,,,,
21808,21254,21698,21602,,,,,,,,
32834,66035,32714,31696,,,,,,,,
29020,28196,28335,25790,,,,,,,,
27717,26502,27299,27299,,,,,,,,
26261,26844,26507,27825,,,,,,,,
26153,27029,26207,26379,,,,,,,,
26067,26475,25519,27095,,,,,,,,
31296,66205,31325,32150,,,,,,,,
28822,27795,27982,26233,,,,,,,,
27097,27775,28173,26358,,,,,,,,
26117,26474,27472,26792,,,,,,,,
26105,26457,26962,25707,,,,,,,,
26276,27102,26146,27185,,,,,,,,
31686,63759,31418,31808,,,,,,,,
28331,28802,29324,26206,,,,,,,,
27238,27185,26511,26803,,,,,,,,
27889,26030,25845,25618,,,,,,,,
26742,25624,26104,26704,,,,,,,,
26790,26881,26145,26426,,,,,,,,
31363,66763,32052,32071,,,,,,,,
27353,28030,26889,25677,,,,,,,,
26596,26189,25938,27352,,,,,,,,
26909,26879,26781,27618,,,,,,,,
26457,28127,26181,26965,,,,,,,,
26369,26627,26459,27171,,,,,,,,
31783,65212,31362,32179,,,,,,,,
27850,28443,28259,26464,,,,,,,,
26391,27240,26753,26547,,,,,,,,
26571,25914,27116,26249,,,,,,,,
26779,26387,27332,27113,,,,,,,,
27159,27037,26583,26566,,,,,,,,
36624,68901,38666,36483,,,,,,,,
33288,32938,31423,31655,,,,,,,,
31954,31071,32248,31853,,,,,,,,
31772,30892,32733,31774,,,,,,,,
31580,30801,30770,31159,,,,,,,,
31945,31880,31406,31448,,,,,,,,
36912,68704,36280,36416,,,,,,,,
32049,32677,32585,31522,,,,,,,,
32686,32860,30959,30635,,,,,,,,
30705,31332,30797,31171,,,,,,,,
30881,31312,31115,31223,,,,,,,,
31179,30645,30936,30188,,,,,,,,
36582,70329,36380,36796,,,,,,,,
32115,33699,34305,31535,,,,,,,,
31247,31598,32000,31006,,,,,,,,
30965,31143,31460,30849,,,,,,,,
32056,31554,31239,31918,,,,,,,,
31413,31396,31589,31670,,,,,,,,
37059,70700,35821,35974,,,,,,,,
33265,33133,32267,31349,,,,,,,,
31758,29990,32500,31922,,,,,,,,
31350,31253,31833,30560,,,,,,,,
32605,31362,30529,31810,,,,,,,,
30231,31060,31469,32060,,,,,,,,
36354,69269,36564,36870,,,,,,,,
33302,33361,32979,30937,,,,,,,,
32435,31718,32342,32188,,,,,,,,
31255,31374,31973,30815,,,,,,,,
32089,30557,31281,31201,,,,,,,,
30823,31567,30284,30878,,,,,,,,
41962,75199,40862,42234,,,,,,,,
37817,39747,37813,36200,,,,,,,,
36606,36392,36188,35380,,,,,,,,
35070,36178,36124,36296,,,,,,,,
36236,36473,35576,35928,,,,,,,,
36559,36450,34702,36160,,,,,,,,
42284,73926,42806,41994,,,,,,,,
38290,38915,38626,36042,,,,,,,,
36752,36508,36173,35945,,,,,,,,
36442,35727,36679,36127,,,,,,,,
35316,36785,37036,36070,,,,,,,,
36854,35426,36585,36215,,,,,,,,
42682,71786,41811,41566,,,,,,,,
37911,37242,37649,36605,,,,,,,,
36108,35431,37351,36173,,,,,,,,
36320,36237,36844,35940,,,,,,,,
36127,35837,36814,36099,,,,,,,,
36421,35355,36616,36042,,,,,,,,
41913,73605,42130,40440,,,,,,,,
38831,38212,37415,35169,,,,,,,,
37615,35679,36533,36184,,,,,,,,
37317,35932,35955,35847,,,,,,,,
36396,35833,36167,35999,,,,,,,,
36471,35313,35699,35900,,,,,,,,
41716,72918,41413,41227,,,,,,,,
37521,37998,38648,36895,,,,,,,,
36446,36788,37144,35010,,,,,,,,
36289,36212,36062,35815,,,,,,,,
36089,35871,35543,36091,,,,,,,,
36858,36447,37289,36184,,,,,,,,
45799,77401,47671,46576,,,,,,,,
41255,43390,43967,41837,,,,,,,,
41712,42273,42514,39335,,,,,,,,
41391,39757,40831,40739,,,,,,,,
41819,41163,41594,41140,,,,,,,,
40368,41510,41438,41680,,,,,,,,
47741,81653,46414,46164,,,,,,,,
42484,43366,42678,40401,,,,,,,,
41365,41802,41029,41389,,,,,,,,
41176,41575,42397,39384,,,,,,,,
42365,41386,40488,41371,,,,,,,,
41500,40667,41223,39178,,,,,,,,
46748,80760,46090,46537,,,,,,,,
42902,42915,43022,39698,,,,,,,,
42086,40967,41688,41733,,,,,,,,
41366,41907,41336,40710,,,,,,,,
40332,41488,40761,40481,,,,,,,,
41402,42307,39914,40402,,,,,,,,
47113,77646,45310,46933,,,,,,,,
42447,42510,42995,40628,,,,,,,,
41278,40817,42575,40831,,,,,,,,
40829,41010,41551,41351,,,,,,,,
40794,40847,40242,40045,,,,,,,,
39444,41240,42233,40686,,,,,,,,
45835,81283,46830,46587,,,,,,,,
42658,43547,40827,41787,,,,,,,,
42669,40852,42159,41303,,,,,,,,
40744,40674,41659,40763,,,,,,,,
41114,40962,41801,42160,,,,,,,,
40452,40955,41171,40613,,,,,,,,
50603,82745,52433,50716,,,,,,,,
48262,48580,47934,45310,,,,,,,,
45963,47051,45040,46445,,,,,,,,
46204,45764,46287,46865,,,,,,,,
45040,44819,45341,45872,,,,,,,,
46115,45825,45353,46263,,,,,,,,
51714,86726,50819,50775,,,,,,,,
46617,47471,46774,46676,,,,,,,,
46324,46030,46089,45339,,,,,,,,
44988,45935,46100,46074,,,,,,,,
45584,44531,45039,46869,,,,,,,,
46297,45203,45179,44751,,,,,,,,
51852,83479,52107,50438,,,,,,,,
47241,46008,48220,45904,,,,,,,,
45746,45176,47103,45525,,,,,,,,
47618,46012,46306,45979,,,,,,,,
45826,46463,45542,45702,,,,,,,,
45360,45551,46409,44899,,,,,,,,
51502,84885,51870,51743,,,,,,,,
46294,47490,47023,45793,,,,,,,,
46506,45568,47275,45314,,,,,,,,
46104,46689,46826,45530,,,,,,,,
45854,45316,45102,45715,,,,,,,,
45052,46878,45632,45934,,,,,,,,
52502,81779,51600,51489,,,,,,,,
46850,48657,48345,45590,,,,,,,,
45943,46209,47424,45690,,,,,,,,
46537,45923,46511,46750,,,,,,,,
45782,44701,46540,44536,,,,,,,,
45790,45329,45533,44753,,,,,,,,
56483,88798,55879,56665,,,,,,,,
51509,51993,51608,50551,,,,,,,,
51048,51199,50691,51114,,,,,,,,
50420,50017,50316,50194,,,,,,,,
50839,50493,50181,50595,,,,,,,,
50138,50913,50283,51143,,,,,,,,
55670,88488,55942,56712,,,,,,,,
52033,52552,53272,50857,,,,,,,,
51714,50691,52044,50596,,,,,,,,
50557,49996,50728,51546,,,,,,,,
50487,51057,50749,49905,,,,,,,,
49639,49383,51720,50659,,,,,,,,
57335,89122,56284,55404,,,,,,,,
52332,52068,51644,51667,,,,,,,,
51659,50197,52382,49685,,,,,,,,
50253,49937,51228,50215,,,,,,,,
51212,50613,49579,51435,,,,,,,,
51303,50150,50360,51285,,,,,,,,
55429,90067,56681,57168,,,,,,,,
53109,51235,51808,51009,,,,,,,,
51341,51461,50038,50362,,,,,,,,
49753,50869,49841,48905,,,,,,,,
49883,49957,49759,50303,,,,,,,,
50089,50420,50383,50413,,,,,,,,
56016,90164,56260,56124,,,,,,,,
52955,51905,52370,50102,,,,,,,,
51767,50106,50853,51072,,,,,,,,
51166,50109,50962,51196,,,,,,,,
51123,51049,49157,50532,,,,,,,,
51534,51387,50651,50477,,,,,,,,
60642,92141,61764,60575,,,,,,,,
56924,58348,56954,55494,,,,,,,,
55046,54429,56686,54965,,,,,,,,
55443,55550,55379,54542,,,,,,,,
56218,54333,55212,55395,,,,,,,,
55028,55319,55556,55971,,,,,,,,
62342,92775,62030,61760,,,,,,,,
57383,56529,56455,55055,,,,,,,,
56454,56022,54932,55618,,,,,,,,
54362,55314,55053,55912,,,,,,,,
55810,54766,55305,54585,,,,,,,,
55397,53918,55035,54573,,,,,,,,
61091,95113,61853,61519,,,,,,,,
58136,57825,56249,54578,,,,,,,,
55237,55510,55295,56058,,,,,,,,
56763,55383,55169,55621,,,,,,,,
55431,54577,54543,55195,,,,,,,,
54025,55127,53954,55329,,,,,,,,
58893,92268,61868,60971,,,,,,,,
57730,56438,56720,54212,,,,,,,,
55842,56322,55350,55830,,,,,,,,
55351,54894,55491,55341,,,,,,,,
54802,55125,54371,54294,,,,,,,,
55814,54482,55373,55182,,,,,,,,
61643,94996,62520,60355,,,,,,,,
55097,55482,56076,54695,,,,,,,,
55446,55728,56202,54885,,,,,,,,
55709,55596,54950,56278,,,,,,,,
55401,55424,54073,53698,,,,,,,,
55349,55935,55582,54897,,,,,,,,
65485,98586,65540,66815,,,,,,,,
62618,62723,62550,60061,,,,,,,,
60753,60941,61540,59196,,,,,,,,
59947,60165,60236,60589,,,,,,,,
59667,60405,61009,60331,,,,,,,,
60648,59574,60572,59849,,,,,,,,
65930,97855,65269,66814,,,,,,,,
61495,62275,62179,59344,,,,,,,,
60705,60226,61355,60464,,,,,,,,
61541,60817,60663,60162,,,,,,,,
59736,60265,60824,60146,,,,,,,,
59140,59683,59732,60963,,,,,,,,
64993,98921,65497,66019,,,,,,,,
61304,62381,61291,59635,,,,,,,,
61483,60299,60992,59847,,,,,,,,
59794,59414,61078,60158,,,,,,,,
59804,59640,58898,60288,,,,,,,,
61017,59494,60033,61422,,,,,,,,
66338,97944,66640,66197,,,,,,,,
63383,61109,60541,60538,,,,,,,,
61097,60516,60272,60668,,,,,,,,
61269,60040,60558,60255,,,,,,,,
60144,59577,60839,59074,,,,,,,,
60479,60075,59771,60031,,,,,,,,
65562,97613,65990,65319,,,,,,,,
61982,61707,61934,60773,,,,,,,,
60568,59695,62515,60416,,,,,,,,
59519,60430,59567,60010,,,,,,,,
60243,60702,59811,60856,,,,,,,,
60616,60563,59554,59977,,,,,,,,
70341,103860,69434,71386,,,,,,,,
68620,65469,66742,65145,,,,,,,,
64998,65290,65596,64134,,,,,,,,
64785,64840,66010,64854,,,,,,,,
66750,64148,65038,65287,,,,,,,,
64418,65463,64260,64052,,,,,,,,
70085,101533,72726,72526,,,,,,,,
66773,65447,67700,64798,,,,,,,,
67248,65671,65477,63865,,,,,,,,
65187,64073,64247,65253,,,,,,,,
64284,64774,64934,65431,,,,,,,,
64603,66392,65670,64634,,,,,,,,
70676,103393,70176,71144,,,,,,,,
68170,67551,67317,64848,,,,,,,,
65059,64733,66937,64930,,,,,,,,
65056,65308,63914,64593,,,,,,,,
64640,64371,64589,66021,,,,,,,,
65492,64849,64044,63512,,,,,,,,
70460,104670,70995,71425,,,,,,,,
67273,66612,67058,65103,,,,,,,,
66443,63984,65412,65022,,,,,,,,
66282,64727,64305,65305,,,,,,,,
64621,64946,64317,65011,,,,,,,,
65262,63428,65598,64517,,,,,,,,
69203,102353,70487,70487,,,,,,,,
67942,67215,65834,64448,,,,,,,,
63613,63953,64697,63904,,,,,,,,
64481,63767,65556,64715,,,,,,,,
64750,65114,65157,63677,,,,,,,,
64699,64706,64204,65397,,,,,,,,
75656,107444,76134,75271,,,,,,,,
72852,71455,72008,69697,,,,,,,,
70227,71247,69349,70104,,,,,,,,
68275,69150,69258,68888,,,,,,,,
70518,69147,70630,69659,,,,,,,,
69511,69663,69807,69947,,,,,,,,
74604,107668,74874,77166,,,,,,,,
71110,71738,72433,68404,,,,,,,,
71439,68634,70404,69332,,,,,,,,
70194,70059,69678,70376,,,,,,,,
71570,70357,69713,70526,,,,,,,,
69215,70558,69301,70185,,,,,,,,
74885,107472,74705,74622,,,,,,,,
72687,71434,70999,68591,,,,,,,,
70117,70486,70505,69367,,,,,,,,
70378,69723,68933,68410,,,,,,,,
70041,70616,69941,69353,,,,,,,,
68883,69608,69276,68631,,,,,,,,
74959,108536,75339,74328,,,,,,,,
70545,71359,71203,68736,,,,,,,,
71356,69961,70345,69646,,,,,,,,
69525,70870,70064,69510,,,,,,,,
68966,68462,69722,69333,,,,,,,,
69205,69086,70219,69899,,,,,,,,
75085,107383,75729,75150,,,,,,,,
71375,72292,70898,70135,,,,,,,,
70930,68584,70571,69197,,,,,,,,
69851,69500,69327,70370,,,,,,,,
69399,70057,69290,69235,,,,,,,,
69378,70574,69603,69357,,,,,,,,
80747,112413,78936,80017,,,,,,,,
75319,77286,76053,74813,,,,,,,,
75460,73630,75834,73383,,,,,,,,
74285,73909,76103,73274,,,,,,,,
72382,72636,74527,74461,,,,,,,,
74987,75499,73125,73772,,,,,,,,
79819,114257,80633,81496,,,,,,,,
76733,75675,76333,74706,,,,,,,,
74374,75488,74072,75236,,,,,,,,
73878,74769,75030,74042,,,,,,,,
74900,73529,73531,74051,,,,,,,,
74137,72646,74794,75565,,,,,,,,
80441,113587,80290,80382,,,,,,,,
75380,75235,76161,75654,,,,,,,,
75986,73743,76055,75146,,,,,,,,
75084,73680,74346,75741,,,,,,,,
74910,74069,75350,72860,,,,,,,,
74875,75252,74673,74340,,,,,,,,
79426,112621,80690,79925,,,,,,,,
77286,75466,76523,74446,,,,,,,,
74320,74116,75908,73600,,,,,,,,
74940,73722,75211,74796,,,,,,,,
74645,74973,74972,74466,,,,,,,,
75175,74888,74672,74268,,,,,,,,
79971,113318,79890,80502,,,,,,,,
77620,75734,74949,74861,,,,,,,,
75425,75424,74525,75595,,,,,,,,
74481,73680,73958,74747,,,,,,,,
74030,76428,75225,74723,,,,,,,,
75693,74913,73673,75717,,,,,,,,
85822,117898,84999,84984,,,,,,,,
81019,81234,81043,78587,,,,,,,,
80744,80781,81178,80254,,,,,,,,
79306,79849,80784,79862,,,,,,,,
79297,79453,80000,79038,,,,,,,,
79447,79878,78964,79972,,,,,,,,
86228,116500,84574,86403,,,,,,,,
81410,81378,82646,78634,,,,,,,,
79705,79288,80248,77611,,,,,,,,
81262,79231,78919,78972,,,,,,,,
80029,80110,79380,77754,,,,,,,,
77798,78971,78837,78965,,,,,,,,
83741,117305,86280,85072,,,,,,,,
81417,81592,81604,79330,,,,,,,,
80736,79311,80673,77235,,,,,,,,
79946,79295,80973,80573,,,,,,,,
78410,78308,79005,77784,,,,,,,,
78282,79242,78652,79624,,,,,,,,
85624,118925,84550,86728,,,,,,,,
80628,80366,81522,80664,,,,,,,,
79825,80081,79374,80574,,,,,,,,
79479,79901,79720,79064,,,,,,,,
79656,78977,78708,78307,,,,,,,,
79646,79461,80276,81159,,,,,,,,
83690,118662,84439,85350,,,,,,,,
80453,80407,81173,80127,,,,,,,,
80898,79845,80288,78029,,,,,,,,
78172,79726,79259,78427,,,,,,,,
79242,78784,79050,79759,,,,,,,,
77877,79712,78929,79500,,,,,,,,
89527,121241,89873,89688,,,,,,,,
85091,85731,86146,82365,,,,,,,,
84194,83854,84734,82973,,,,,,,,
84588,82947,82431,84119,,,,,,,,
84668,83351,84333,84136,,,,,,,,
83757,83066,82625,83962,,,,,,,,
89376,122753,89753,88534,,,,,,,,
86218,85433,87411,84085,,,,,,,,
83666,85092,85398,84785,,,,,,,,
84717,83442,84528,82698,,,,,,,,
84565,83774,81423,83185,,,,,,,,
83635,83836,82292,83272,,,,,,,,
90606,121294,88014,90440,,,,,,,,
86406,86731,86636,84333,,,,,,,,
83775,84586,86884,86817,,,,,,,,
84540,83976,85401,84725,,,,,,,,
83390,83823,84204,85901,,,,,,,,
83358,82498,83319,83080,,,,,,,,
89544,123235,89900,88800,,,,,,,,
84969,84878,86687,84191,,,,,,,,
84184,83690,85555,84119,,,,,,,,
86674,86257,84723,83490,,,,,,,,
85044,82711,82117,84649,,,,,,,,
83876,84059,84466,83181,,,,,,,,
90862,123003,89085,90655,,,,,,,,
86300,85559,84580,83866,,,,,,,,
85614,83736,85177,84088,,,,,,,,
85977,85215,84996,84974,,,,,,,,
85326,84578,83227,83751,,,,,,,,
83766,83560,84802,84501,,,,,,,,
94405,127390,93845,92969,,,,,,,,
90318,90766,89537,88104,,,,,,,,
88704,90135,88723,87862,,,,,,,,
89510,89249,89668,86823,,,,,,,,
88845,88050,88916,89448,,,,,,,,
89811,89367,88671,88153,,,,,,,,
94509,126164,93584,94897,,,,,,,,
89667,90260,90394,87435,,,,,,,,
89755,88961,90006,87078,,,,,,,,
89963,88760,89209,87965,,,,,,,,
88121,88148,89065,89721,,,,,,,,
88759,87886,89366,89001,,,,,,,,
94613,126536,93492,95364,,,,,,,,
91776,90782,90862,88606,,,,,,,,
89254,89729,89954,88574,,,,,,,,
89208,88521,87858,89685,,,,,,,,
89292,89355,89005,89838,,,,,,,,
88607,87125,89024,88954,,,,,,,,
94387,127253,94170,93867,,,,,,,,
89487,89997,91483,90304,,,,,,,,
88580,87503,89076,89191,,,,,,,,
89856,87640,89940,90567,,,,,,,,
89494,87343,87580,86867,,,,,,,,
86866,87036,88313,89004,,,,,,,,
95058,126859,93213,94232,,,,,,,,
90713,90280,91700,89768,,,,,,,,
90489,88937,90190,88205,,,,,,,,
88983,88323,87424,90323,,,,,,,,
89719,88624,89077,88050,,,,,,,,
88167,88614,88491,87291,,,,,,,,
100053,132225,98227,98151,,,,,,,,
95672,96378,95238,92192,,,,,,,,
94267,92946,93839,93510,,,,,,,,
94288,93855,94295,92882,,,,,,,,
93251,92930,92717,93855,,,,,,,,
94825,93108,94425,93755,,,,,,,,
99052,130817,99856,98371,,,,,,,,
95024,95725,94074,93152,,,,,,,,
93847,92785,94891,92965,,,,,,,,
94335,92397,94688,93424,,,,,,,,
94036,93907,93519,93894,,,,,,,,
93962,93554,94230,93919,,,,,,,,
99898,131305,100363,99636,,,,,,,,
96694,95940,94566,94019,,,,,,,,
94344,93104,93705,94112,,,,,,,,
95137,93285,93092,92994,,,,,,,,
94130,93262,93125,92863,,,,,,,,
93069,94773,93553,92440,,,,,,,,
99811,133611,98215,100545,,,,,,,,
95551,95208,95214,93660,,,,,,,,
94742,93862,94050,93090,,,,,,,,
94321,94292,95524,92921,,,,,,,,
92942,91870,93167,94818,,,,,,,,
94589,92631,93596,95575,,,,,,,,
98362,131368,99044,99173,,,,,,,,
96283,95581,96482,93207,,,,,,,,
93501,93752,92602,94679,,,,,,,,
93315,94377,95161,92808,,,,,,,,
94291,94457,92789,93478,,,,,,,,
93034,93013,93435,93717,,,,,,,,
104801,136984,105025,105107,,,,,,,,
99817,99698,101077,97754,,,,,,,,
99896,99388,98669,99455,,,,,,,,
96777,98545,98174,100417,,,,,,,,
100079,96796,97974,99173,,,,,,,,
98046,99084,98421,98435,,,,,,,,
103870,138410,103975,103119,,,,,,,,
100812,101650,99430,97707,,,,,,,,
98922,98287,99969,99247,,,,,,,,
99035,99060,98762,98424,,,,,,,,
98806,97990,99743,98167,,,,,,,,
98849,99154,99223,97593,,,,,,,,
105712,134861,103786,103655,,,,,,,,
100031,99542,100398,98502,,,,,,,,
100094,99867,99855,97695,,,,,,,,
99617,98509,98990,98148,,,,,,,,
99705,97227,98120,97955,,,,,,,,
98043,98489,97779,99761,,,,,,,,
104916,137447,103785,105536,,,,,,,,
101457,101157,100571,98415,,,,,,,,
96352,98668,98180,99152,,,,,,,,
98673,97577,98501,99202,,,,,,,,
97768,100004,98145,98316,,,,,,,,
97588,97747,98341,97556,,,,,,,,
103248,137198,104677,103421,,,,,,,,
101315,101337,99955,98138,,,,,,,,
101201,98687,100681,97971,,,,,,,,
98992,98082,99767,98726,,,,,,,,
99760,99687,98345,95618,,,,,,,,
97435,99331,99339,99916,,,,,,,,
107701,143287,108835,108482,,,,,,,,
105498,104235,104807,104176,,,,,,,,
104499,102704,105041,102046,,,,,,,,
103812,102021,103526,102527,,,,,,,,
102695,103322,102027,102656,,,,,,,,
102896,103153,99466,102155,,,,,,,,
108391,141441,108990,108276,,,,,,,,
107291,105817,103844,104043,,,,,,,,
103613,103040,102302,103460,,,,,,,,
103387,102992,104565,102318,,,,,,,,
104031,103199,104300,103703,,,,,,,,
103616,103621,103391,102058,,,,,,,,
110300,141457,108597,107445,,,,,,,,
105335,105951,106367,103957,,,,,,,,
103094,102743,103534,104068,,,,,,,,
103247,102666,103440,103533,,,,,,,,
103027,102670,102970,104244,,,,,,,,
104477,103781,101365,103395,,,,,,,,
107794,143185,109576,108432,,,,,,,,
105664,106202,105453,102495,,,,,,,,
103313,103666,106414,103574,,,,,,,,
102125,102404,103119,103022,,,,,,,,
103636,103640,102773,103642,,,,,,,,
102250,102331,101577,103997,,,,,,,,
108014,141029,108067,107863,,,,,,,,
104214,105694,105977,105017,,,,,,,,
106466,103356,104915,101687,,,,,,,,
102971,103508,104304,103502,,,,,,,,
102622,101969,103231,102713,,,,,,,,
103906,101955,102183,104989,,,,,,,,
113593,145377,114092,113321,,,,,,,,
110569,109592,110695,107636,,,,,,,,
108203,106598,107751,108507,,,,,,,,
107858,106357,107262,106564,,,,,,,,
108020,106682,108336,106248,,,,,,,,
107996,107394,106239,109758,,,,,,,,
115457,147796,114253,114233,,,,,,,,
110828,109965,110433,108312,,,,,,,,
108891,107172,110238,107500,,,,,,,,
107428,108553,107996,107117,,,,,,,,
108491,107281,107362,108016,,,,,,,,
108189,107101,108778,107216,,,,,,,,
112900,145989,112956,114717,,,,,,,,
108957,110225,109010,107210,,,,,,,,
109155,108713,109088,108630,,,,,,,,
108789,108347,108112,107273,,,,,,,,
108111,108632,106190,107747,,,,,,,,
108510,107180,107690,107942,,,,,,,,
112506,146655,112891,112679,,,,,,,,
109321,110584,108827,106794,,,,,,,,
107545,108299,108586,109125,,,,,,,,
108316,108932,108282,107368,,,,,,,,
109372,107346,107434,108329,,,,,,,,
107660,109542,108017,107090,,,,,,,,
114077,145614,113385,114017,,,,,,,,
110701,110244,111206,107443,,,,,,,,
110029,109371,108937,107570,,,,,,,,
109927,109444,108142,107296,,,,,,,,
108124,107112,107394,107329,,,,,,,,
108794,107818,107736,107964,,,,,,,,
118192,151398,118046,117850,,,,,,,,
114053,114532,115603,112056,,,,,,,,
113566,112338,113111,112341,,,,,,,,
112895,112397,114441,114316,,,,,,,,
112201,113729,113412,112433,,,,,,,,
111369,112275,113251,113473,,,,,,,,
118276,152687,116387,119138,,,,,,,,
113687,113723,114327,111834,,,,,,,,
112231,113302,113640,112936,,,,,,,,
112792,111955,113719,111464,,,,,,,,
112096,111955,112558,112020,,,,,,,,
112885,112557,111879,112353,,,,,,,,
118546,149742,118984,116743,,,,,,,,
114833,116359,114749,112808,,,,,,,,
112078,112411,113106,111842,,,,,,,,
112360,112298,114171,112623,,,,,,,,
113202,112764,110784,113500,,,,,,,,
112889,112084,112971,113157,,,,,,,,
118791,151081,117501,118076,,,,,,,,
115124,113825,115332,112644,,,,,,,,
112979,114037,113640,111986,,,,,,,,
113235,112823,112815,111369,,,,,,,,
114041,110850,112835,112476,,,,,,,,
114692,112666,110918,112136,,,,,,,,
118161,150257,118474,118167,,,,,,,,
114756,115243,114331,112007,,,,,,,,
113069,112172,113127,113514,,,,,,,,
113481,112830,112301,110488,,,,,,,,
112976,113251,113114,113598,,,,,,,,
113149,111671,113073,113879,,,,,,,,
