86129,137084,43944,42762,,,,17516431,10408454,11681861,4206660,
98887,129936,45021,41333,,,,17500587,10415969,11711100,4183859,
103738,128220,44511,41302,,,,17513180,10424413,11673256,4209289,
102496,121934,43057,43049,,,,17533781,10405104,11701772,4192092,
105355,118532,44725,42034,,,,17496180,10429547,11671017,4205095,
101066,111463,44655,44982,,,,,,,,
100257,111189,44237,43111,,,,0.145970258,0.086737117,0.097348842,0.0350555,10%
95775,106369,44240,44378,,,,0.145838225,0.086799742,0.0975925,0.034865492,30%
93249,101198,42614,43007,,,,0.145943167,0.086870108,0.097277133,0.035077408,50%
89539,94407,45560,43257,,,,0.146114842,0.0867092,0.097514767,0.0349341,70%
86471,88222,44540,45632,,,,0.1458015,0.086912892,0.097258475,0.035042458,90%
82640,85157,43921,44103,,,,,,,,
76144,82211,42620,42656,,,,,文獻[7],,,
72726,77869,42511,44288,,,,,被動式,,,
70130,72415,43511,43645,,,,,主動式,,,
65890,67917,41649,44942,,,,,混合式,,,
60577,60795,42332,42366,,,,,,,,
55360,56937,43527,45430,,,,,,,,
49014,53103,43145,45076,,,,,,,,
46783,46481,43414,42508,,,,,,,,
59164,137352,25228,25634,,,,,,,,
71960,131021,26977,26829,,,,,,,,
82266,125380,28919,27891,,,,,,,,
89889,120602,29743,29368,,,,,,,,
91505,116824,30158,28802,,,,,,,,
92312,114723,30719,32982,,,,,,,,
92822,106323,31789,33232,,,,,,,,
88471,104106,34022,34316,,,,,,,,
86716,99461,35300,36145,,,,,,,,
81696,94160,36927,35857,,,,,,,,
81873,92505,38648,38028,,,,,,,,
75422,86502,40504,38687,,,,,,,,
74579,81674,44445,39344,,,,,,,,
69711,76261,46261,44537,,,,,,,,
64698,72424,47465,45559,,,,,,,,
62456,64536,48463,46845,,,,,,,,
56511,60948,46732,48234,,,,,,,,
53935,58317,45324,47435,,,,,,,,
49605,51762,43401,42751,,,,,,,,
44983,45621,42732,41944,,,,,,,,
41898,138310,20757,18294,,,,,,,,
54922,131762,21859,20144,,,,,,,,
65884,126066,23725,20675,,,,,,,,
74375,126032,25063,22091,,,,,,,,
80988,118467,25274,22896,,,,,,,,
81665,111189,27851,25367,,,,,,,,
82357,107347,29613,25783,,,,,,,,
83143,104662,32491,28851,,,,,,,,
79957,99637,34460,29510,,,,,,,,
81022,91774,37454,32252,,,,,,,,
76019,88314,41223,34687,,,,,,,,
72399,85551,45180,37846,,,,,,,,
70278,79308,53858,42626,,,,,,,,
66112,74283,55972,47032,,,,,,,,
62433,70435,57225,50630,,,,,,,,
58947,67093,53610,49868,,,,,,,,
56013,61814,52958,51754,,,,,,,,
52148,56955,48705,47267,,,,,,,,
46636,52592,43471,45091,,,,,,,,
44879,47078,41054,40957,,,,,,,,
33909,135835,15901,14874,,,,,,,,
40375,128111,16987,15537,,,,,,,,
52168,126261,17196,15177,,,,,,,,
60467,122056,18616,16588,,,,,,,,
69103,117463,19121,17567,,,,,,,,
72852,111721,21225,18226,,,,,,,,
74854,108133,22922,21593,,,,,,,,
76753,102907,26137,23383,,,,,,,,
75606,96927,29144,26277,,,,,,,,
73245,94990,32620,28565,,,,,,,,
71602,89887,38865,31949,,,,,,,,
70401,86228,43690,38908,,,,,,,,
66434,79501,48553,43761,,,,,,,,
67691,74782,53629,48768,,,,,,,,
61154,70828,53274,51734,,,,,,,,
58220,66461,54505,51224,,,,,,,,
53502,61309,49996,49354,,,,,,,,
50234,56763,47302,46427,,,,,,,,
46065,50268,44855,43350,,,,,,,,
43556,47048,40143,39328,,,,,,,,
26732,136444,13647,11566,,,,,,,,
32745,129872,13335,12164,,,,,,,,
41473,127113,13216,11918,,,,,,,,
49253,121034,15466,13509,,,,,,,,
56192,118824,16419,13506,,,,,,,,
62752,113663,17334,16274,,,,,,,,
68708,107760,19613,16370,,,,,,,,
69694,104537,23083,18982,,,,,,,,
71179,98216,26000,22561,,,,,,,,
70469,93022,29993,24558,,,,,,,,
67946,89579,37970,30543,,,,,,,,
67766,84877,44828,34174,,,,,,,,
64571,79439,52824,42775,,,,,,,,
59560,76153,55761,50275,,,,,,,,
59637,70147,55754,50813,,,,,,,,
53664,65368,53863,52498,,,,,,,,
51491,60676,49045,48810,,,,,,,,
48259,54602,46477,47570,,,,,,,,
44271,52540,44389,41652,,,,,,,,
40391,46645,41096,40640,,,,,,,,
20352,10110,11018,10471,,,,,,,,
27007,10113,10615,10651,,,,,,,,
32568,10040,11374,10307,,,,,,,,
41561,9748,11731,10120,,,,,,,,
49419,9918,12245,9979,,,,,,,,
54376,9697,14164,9617,,,,,,,,
58156,9301,15505,9711,,,,,,,,
62605,9161,18363,9151,,,,,,,,
64844,9170,22276,9271,,,,,,,,
65064,8887,26174,8804,,,,,,,,
64215,8441,38661,8512,,,,,,,,
62734,8185,47598,8351,,,,,,,,
60755,8040,51705,8066,,,,,,,,
57382,7849,54675,7765,,,,,,,,
56091,7446,53264,7378,,,,,,,,
53961,7034,51295,7177,,,,,,,,
49438,6804,46947,6788,,,,,,,,
47227,6167,45750,6371,,,,,,,,
44369,5891,43004,6363,,,,,,,,
39864,5581,37195,5688,,,,,,,,
16497,10398,8941,1731,,,,,,,,
22043,10265,8118,1710,,,,,,,,
27451,10343,8720,1622,,,,,,,,
34105,9792,9038,1604,,,,,,,,
39543,9642,10586,1575,,,,,,,,
47825,9560,11308,1574,,,,,,,,
51958,9115,13108,1431,,,,,,,,
56831,9365,14813,1520,,,,,,,,
57898,8800,17704,1318,,,,,,,,
59683,8692,23781,1357,,,,,,,,
59930,8355,30258,1258,,,,,,,,
58227,8398,39339,1230,,,,,,,,
57945,8252,49056,1162,,,,,,,,
56475,7739,50754,1087,,,,,,,,
53947,7490,50606,1005,,,,,,,,
50795,7159,50318,1009,,,,,,,,
47656,6626,46814,940,,,,,,,,
45311,6250,45157,845,,,,,,,,
42501,6185,41821,846,,,,,,,,
38472,5665,38299,675,,,,,,,,
13406,10142,7603,1692,,,,,,,,
16451,10184,6591,1787,,,,,,,,
22884,10167,7281,1723,,,,,,,,
28522,9602,7498,1617,,,,,,,,
34354,9675,8203,1534,,,,,,,,
40471,9562,9571,1504,,,,,,,,
47406,9435,11620,1500,,,,,,,,
51403,9142,12719,1395,,,,,,,,
51565,9144,17298,1433,,,,,,,,
54622,8546,23795,1341,,,,,,,,
54223,8798,33335,1269,,,,,,,,
56264,8370,43250,1160,,,,,,,,
54010,7938,47470,1088,,,,,,,,
52459,7531,49862,1070,,,,,,,,
52130,7783,50456,1048,,,,,,,,
49311,7126,46709,957,,,,,,,,
47723,6685,44592,901,,,,,,,,
43089,6368,43307,855,,,,,,,,
40941,5899,38755,778,,,,,,,,
38920,5484,37486,675,,,,,,,,
10916,10061,5840,1843,,,,,,,,
14328,9882,5113,1744,,,,,,,,
18803,10206,5702,1729,,,,,,,,
22881,9795,6262,1605,,,,,,,,
27942,9698,7693,1548,,,,,,,,
35861,9654,8158,1522,,,,,,,,
40373,9615,10055,1513,,,,,,,,
44449,9173,11839,1434,,,,,,,,
49038,8908,14927,1299,,,,,,,,
50869,8778,21062,1261,,,,,,,,
52855,8438,28803,1272,,,,,,,,
53161,8100,37742,1254,,,,,,,,
53346,7798,45813,1043,,,,,,,,
50732,7663,49396,1069,,,,,,,,
48439,7142,46267,992,,,,,,,,
47004,7004,44286,981,,,,,,,,
44332,6831,44860,860,,,,,,,,
41725,6364,42122,861,,,,,,,,
39725,6288,38668,787,,,,,,,,
35195,5507,35293,754,,,,,,,,
9945,10114,5092,1597,,,,,,,,
12324,10183,4457,1541,,,,,,,,
15304,9913,4796,1573,,,,,,,,
20164,9672,5405,1497,,,,,,,,
22908,9895,6365,1449,,,,,,,,
30524,9294,7474,1470,,,,,,,,
34285,9327,8974,1377,,,,,,,,
40175,9140,10859,1228,,,,,,,,
43349,8974,13790,1237,,,,,,,,
46038,8829,20396,1142,,,,,,,,
48352,8654,28928,1146,,,,,,,,
48077,8323,37972,1035,,,,,,,,
49490,8041,43707,1043,,,,,,,,
49853,7577,44996,979,,,,,,,,
47028,7453,45402,908,,,,,,,,
45200,7189,44630,857,,,,,,,,
43013,6879,42635,815,,,,,,,,
38529,6241,40544,815,,,,,,,,
37849,6267,37394,704,,,,,,,,
36839,5451,35309,674,,,,,,,,
8032,1569,4417,1552,,,,,,,,
10669,1652,3813,1643,,,,,,,,
13449,1563,3949,1479,,,,,,,,
17273,1397,4808,1516,,,,,,,,
21177,1416,5259,1416,,,,,,,,
23909,1403,6684,1265,,,,,,,,
31092,1388,7161,1304,,,,,,,,
34845,1369,9656,1233,,,,,,,,
38464,1364,11926,1180,,,,,,,,
43663,1330,17803,1212,,,,,,,,
45902,1158,23943,1144,,,,,,,,
47172,1128,31961,1035,,,,,,,,
46445,1076,42243,1097,,,,,,,,
46689,973,44374,1065,,,,,,,,
44926,969,44183,907,,,,,,,,
43155,971,42408,872,,,,,,,,
41621,895,40989,852,,,,,,,,
38907,798,38198,762,,,,,,,,
36049,758,35930,717,,,,,,,,
35231,732,32781,660,,,,,,,,
6843,1665,3403,1597,,,,,,,,
8508,1670,2958,1497,,,,,,,,
10951,1601,3463,1456,,,,,,,,
14680,1384,4178,1497,,,,,,,,
18106,1514,4365,1452,,,,,,,,
20796,1481,5511,1301,,,,,,,,
26166,1399,6396,1339,,,,,,,,
31253,1340,8626,1239,,,,,,,,
33534,1253,10519,1228,,,,,,,,
39667,1119,16704,1163,,,,,,,,
41132,1139,21540,1098,,,,,,,,
41840,1159,31866,1121,,,,,,,,
42156,1112,37841,962,,,,,,,,
43184,1047,39356,891,,,,,,,,
40969,963,42303,942,,,,,,,,
41728,872,39892,840,,,,,,,,
40305,843,39743,819,,,,,,,,
38151,838,37539,729,,,,,,,,
35109,756,35681,700,,,,,,,,
32304,688,32525,650,,,,,,,,
6006,1588,2774,1626,,,,,,,,
7393,1710,2743,1492,,,,,,,,
9640,1543,2945,1500,,,,,,,,
11486,1462,3467,1361,,,,,,,,
14200,1354,4192,1352,,,,,,,,
17900,1449,5333,1356,,,,,,,,
22006,1315,6083,1349,,,,,,,,
27888,1305,8143,1312,,,,,,,,
31641,1249,10080,1181,,,,,,,,
36891,1247,15074,1207,,,,,,,,
34618,1106,22298,1112,,,,,,,,
37880,1018,32735,1063,,,,,,,,
40809,1006,35952,1057,,,,,,,,
40122,973,37918,1037,,,,,,,,
40245,866,38487,974,,,,,,,,
38313,929,39525,882,,,,,,,,
36928,860,38075,754,,,,,,,,
36597,844,36177,747,,,,,,,,
33607,754,34329,658,,,,,,,,
31850,678,31165,687,,,,,,,,
5020,1627,2248,1433,,,,,,,,
6010,1561,2203,1386,,,,,,,,
7796,1535,2629,1294,,,,,,,,
9809,1507,2908,1282,,,,,,,,
14035,1528,3629,1253,,,,,,,,
15273,1431,4541,1162,,,,,,,,
18986,1406,5587,1206,,,,,,,,
22933,1356,6633,1130,,,,,,,,
26832,1222,9000,1146,,,,,,,,
31472,1250,12201,1031,,,,,,,,
32529,1256,22006,1025,,,,,,,,
34943,1156,28243,948,,,,,,,,
37721,1144,33758,940,,,,,,,,
37789,987,36793,886,,,,,,,,
37604,929,37755,791,,,,,,,,
37484,859,37561,730,,,,,,,,
36317,858,34901,735,,,,,,,,
34862,851,33478,654,,,,,,,,
32517,726,33391,679,,,,,,,,
30474,730,30925,563,,,,,,,,
3789,1741,2086,1424,,,,,,,,
5104,1514,2029,1325,,,,,,,,
6183,1618,2310,1272,,,,,,,,
8646,1462,2439,1268,,,,,,,,
10297,1389,3028,1223,,,,,,,,
12174,1332,4253,1231,,,,,,,,
17166,1315,5111,1119,,,,,,,,
20012,1306,6333,1221,,,,,,,,
23811,1259,8592,1109,,,,,,,,
26478,1212,12475,1049,,,,,,,,
29637,1177,17680,923,,,,,,,,
32668,1201,28366,912,,,,,,,,
35052,1057,33292,932,,,,,,,,
35256,1028,34704,840,,,,,,,,
34731,983,35358,852,,,,,,,,
34793,936,34676,760,,,,,,,,
33814,889,34024,812,,,,,,,,
32944,846,32747,686,,,,,,,,
31531,769,31948,699,,,,,,,,
30009,648,29224,630,,,,,,,,
3544,1317,1600,1481,,,,,,,,
4286,1412,1765,1338,,,,,,,,
5304,1228,1870,1344,,,,,,,,
7300,1311,2321,1300,,,,,,,,
9289,1145,2591,1362,,,,,,,,
11842,1139,3345,1217,,,,,,,,
13872,1127,4249,1230,,,,,,,,
16242,1058,5741,1123,,,,,,,,
20333,975,7769,1040,,,,,,,,
24391,915,10568,1006,,,,,,,,
27443,897,19320,1035,,,,,,,,
31048,877,25054,904,,,,,,,,
31003,934,28713,856,,,,,,,,
32371,826,32111,809,,,,,,,,
33768,819,32587,853,,,,,,,,
33709,747,32979,765,,,,,,,,
32928,607,32279,769,,,,,,,,
31136,685,31111,729,,,,,,,,
30018,564,30969,616,,,,,,,,
28411,566,28552,575,,,,,,,,
3080,1384,1537,1391,,,,,,,,
3597,1265,1513,1354,,,,,,,,
4416,1222,1709,1270,,,,,,,,
5814,1186,2044,1210,,,,,,,,
6994,1115,2618,1190,,,,,,,,
8901,1200,2826,1228,,,,,,,,
12233,1074,3924,1079,,,,,,,,
15208,1079,4691,1080,,,,,,,,
18165,1037,6644,1040,,,,,,,,
21444,931,9457,1070,,,,,,,,
24332,983,15129,911,,,,,,,,
26668,975,22360,863,,,,,,,,
28848,882,27624,825,,,,,,,,
31286,845,28252,840,,,,,,,,
31673,811,30131,690,,,,,,,,
30967,664,29775,716,,,,,,,,
30890,670,30445,667,,,,,,,,
30502,685,30481,629,,,,,,,,
28870,661,28974,623,,,,,,,,
26443,547,27696,554,,,,,,,,
2344,1372,1210,1414,,,,,,,,
2960,1223,1362,1297,,,,,,,,
3874,1240,1612,1245,,,,,,,,
5958,1214,1962,1259,,,,,,,,
6775,1177,2311,1176,,,,,,,,
8158,1125,2627,1136,,,,,,,,
10430,1086,3310,1109,,,,,,,,
13343,1006,4378,1059,,,,,,,,
16238,976,6168,1014,,,,,,,,
18533,922,9619,946,,,,,,,,
21792,980,17039,948,,,,,,,,
24977,888,22389,884,,,,,,,,
26139,908,24069,832,,,,,,,,
29031,876,26458,833,,,,,,,,
29845,785,29018,799,,,,,,,,
29124,700,28501,797,,,,,,,,
28979,684,29256,711,,,,,,,,
29213,681,28512,650,,,,,,,,
27462,584,27007,604,,,,,,,,
27141,577,26698,575,,,,,,,,
2160,1291,1284,1363,,,,,,,,
2913,1235,1179,1388,,,,,,,,
3658,1276,1362,1358,,,,,,,,
4853,1212,1512,1136,,,,,,,,
5787,1219,2099,1129,,,,,,,,
7006,1140,2597,1117,,,,,,,,
9376,1137,2881,1099,,,,,,,,
11075,1043,4013,1057,,,,,,,,
13832,1050,6686,980,,,,,,,,
17103,1020,8371,1032,,,,,,,,
18700,981,13840,945,,,,,,,,
21134,863,18919,946,,,,,,,,
23481,910,21718,951,,,,,,,,
25973,824,25277,855,,,,,,,,
27242,798,26391,759,,,,,,,,
27358,717,27495,715,,,,,,,,
28241,705,27607,711,,,,,,,,
26860,626,27286,670,,,,,,,,
26395,575,26345,638,,,,,,,,
26417,550,24696,569,,,,,,,,
1922,1317,1023,1183,,,,,,,,
2219,1313,1205,1354,,,,,,,,
3074,1204,1204,1288,,,,,,,,
3787,1233,1390,1263,,,,,,,,
4976,1188,1712,1176,,,,,,,,
5942,1187,2232,1156,,,,,,,,
7819,1137,2640,1116,,,,,,,,
10301,1056,3724,1040,,,,,,,,
11976,1068,5479,989,,,,,,,,
14044,995,9261,971,,,,,,,,
16251,1009,12953,983,,,,,,,,
18970,847,17990,921,,,,,,,,
21039,895,21286,796,,,,,,,,
24059,808,21492,825,,,,,,,,
25167,727,25099,709,,,,,,,,
26270,744,25916,736,,,,,,,,
26088,703,25914,632,,,,,,,,
25816,678,25400,643,,,,,,,,
25389,601,25726,563,,,,,,,,
23324,601,23870,538,,,,,,,,
1571,1227,1120,1301,,,,,,,,
1911,1237,1143,1314,,,,,,,,
2371,1114,1022,1309,,,,,,,,
3395,1067,1311,1187,,,,,,,,
4208,1092,1687,1050,,,,,,,,
5115,1058,1792,1111,,,,,,,,
6420,1022,2713,1181,,,,,,,,
8468,938,3652,1049,,,,,,,,
10234,901,4988,1056,,,,,,,,
12406,908,9123,978,,,,,,,,
14356,825,11763,912,,,,,,,,
17653,799,15534,903,,,,,,,,
20147,804,18520,821,,,,,,,,
21016,736,21736,808,,,,,,,,
22761,693,22942,812,,,,,,,,
24475,610,24383,676,,,,,,,,
24118,642,24853,696,,,,,,,,
23896,609,24684,615,,,,,,,,
23337,492,24210,599,,,,,,,,
22994,489,21658,526,,,,,,,,
1354,1243,936,1350,,,,,,,,
1825,1209,1085,1293,,,,,,,,
2254,1139,1117,1190,,,,,,,,
2519,1063,1369,1236,,,,,,,,
3824,1117,1505,1232,,,,,,,,
4707,1007,1870,1132,,,,,,,,
5597,982,2436,1090,,,,,,,,
6807,891,3010,979,,,,,,,,
8683,911,4823,993,,,,,,,,
11434,902,7041,925,,,,,,,,
13769,810,9682,1026,,,,,,,,
14714,772,12755,908,,,,,,,,
17950,826,17123,763,,,,,,,,
19259,732,19017,844,,,,,,,,
21847,694,21096,821,,,,,,,,
22848,705,22623,738,,,,,,,,
22739,599,22976,696,,,,,,,,
23286,641,22867,664,,,,,,,,
22565,567,22452,648,,,,,,,,
21940,462,21528,528,,,,,,,,
1417,1138,940,1338,,,,,,,,
1614,1047,1000,1240,,,,,,,,
1958,1054,972,1242,,,,,,,,
2452,1052,1359,1169,,,,,,,,
2937,1071,1396,1222,,,,,,,,
3993,1040,1542,1109,,,,,,,,
4813,1026,2029,1078,,,,,,,,
5824,931,3204,1013,,,,,,,,
8277,964,4141,964,,,,,,,,
9565,868,6679,945,,,,,,,,
11955,783,10050,1008,,,,,,,,
13056,788,12646,956,,,,,,,,
15436,833,15189,929,,,,,,,,
17938,599,17738,859,,,,,,,,
19295,669,19900,794,,,,,,,,
20416,739,20539,699,,,,,,,,
21668,584,21039,611,,,,,,,,
20995,611,21687,611,,,,,,,,
22059,536,21393,614,,,,,,,,
21073,510,20938,531,,,,,,,,
1299,1231,833,1247,,,,,,,,
1460,1162,872,1159,,,,,,,,
1917,1074,918,1163,,,,,,,,
2060,1140,1083,1168,,,,,,,,
2615,1070,1210,1116,,,,,,,,
3178,1014,1580,1029,,,,,,,,
4045,937,2099,1103,,,,,,,,
5429,958,2499,1045,,,,,,,,
6525,878,4421,924,,,,,,,,
7892,891,6091,890,,,,,,,,
10381,863,9085,804,,,,,,,,
11266,813,11109,848,,,,,,,,
15255,768,13442,836,,,,,,,,
15588,797,15321,727,,,,,,,,
17893,698,17990,752,,,,,,,,
18362,664,19253,658,,,,,,,,
19800,576,19941,637,,,,,,,,
20624,555,20382,574,,,,,,,,
19922,531,20212,539,,,,,,,,
19650,487,18994,507,,,,,,,,
1094,1171,950,1227,,,,,,,,
1217,1094,786,1229,,,,,,,,
1402,1136,818,1182,,,,,,,,
1883,1188,992,1167,,,,,,,,
2617,1003,1093,1129,,,,,,,,
3006,1007,1390,1068,,,,,,,,
3512,1033,1665,1026,,,,,,,,
4674,917,2602,978,,,,,,,,
5760,943,3870,977,,,,,,,,
7252,907,5454,959,,,,,,,,
9188,855,7951,873,,,,,,,,
10047,749,10747,843,,,,,,,,
12323,734,13026,771,,,,,,,,
14839,718,13972,717,,,,,,,,
15595,687,16184,732,,,,,,,,
16935,611,17380,639,,,,,,,,
18726,572,18800,643,,,,,,,,
19016,548,18043,608,,,,,,,,
18788,515,19028,595,,,,,,,,
17993,491,19070,521,,,,,,,,
1031,1116,821,1223,,,,,,,,
1240,1165,802,1187,,,,,,,,
1382,1099,889,1211,,,,,,,,
1730,1055,931,1196,,,,,,,,
1997,1021,1034,1046,,,,,,,,
2712,985,1329,1054,,,,,,,,
3227,879,1673,1084,,,,,,,,
4089,972,2304,998,,,,,,,,
5386,802,3684,960,,,,,,,,
6569,836,5525,949,,,,,,,,
8061,817,6310,848,,,,,,,,
9611,793,9291,825,,,,,,,,
11398,749,10918,831,,,,,,,,
13090,677,13416,711,,,,,,,,
14490,663,13627,785,,,,,,,,
15730,709,16063,671,,,,,,,,
16258,615,17129,661,,,,,,,,
16863,566,17431,644,,,,,,,,
18048,531,18026,600,,,,,,,,
18514,489,17789,528,,,,,,,,
1022,1153,758,1238,,,,,,,,
1180,1213,808,1092,,,,,,,,
1304,1072,962,1053,,,,,,,,
1544,1073,928,1079,,,,,,,,
1947,997,1141,1007,,,,,,,,
2212,1020,1219,1087,,,,,,,,
2515,970,1870,932,,,,,,,,
3498,930,2134,991,,,,,,,,
4485,839,3707,962,,,,,,,,
5667,808,5066,908,,,,,,,,
6381,777,6112,850,,,,,,,,
7926,750,8087,799,,,,,,,,
10014,728,10038,776,,,,,,,,
12090,809,12715,753,,,,,,,,
12790,670,13642,787,,,,,,,,
14448,619,14220,719,,,,,,,,
16184,607,16115,607,,,,,,,,
16131,566,16398,658,,,,,,,,
16401,542,17515,520,,,,,,,,
17239,540,16821,559,,,,,,,,
890,1099,851,1200,,,,,,,,
1078,1006,833,1152,,,,,,,,
1127,1056,907,1060,,,,,,,,
1247,1008,797,1126,,,,,,,,
1613,982,886,1033,,,,,,,,
1792,1046,1278,1069,,,,,,,,
2238,923,1390,1002,,,,,,,,
3169,955,1894,997,,,,,,,,
3961,872,2835,919,,,,,,,,
4372,832,3806,931,,,,,,,,
5693,807,5320,875,,,,,,,,
7155,839,6481,696,,,,,,,,
8585,755,8699,686,,,,,,,,
10264,682,10835,730,,,,,,,,
11772,597,11877,669,,,,,,,,
13445,561,13429,676,,,,,,,,
14950,641,13891,632,,,,,,,,
15398,609,15715,567,,,,,,,,
16198,523,15343,550,,,,,,,,
15335,499,15553,509,,,,,,,,
864,1248,779,1252,,,,,,,,
1051,1123,681,1277,,,,,,,,
1022,1131,820,1121,,,,,,,,
1247,1040,863,1148,,,,,,,,
1373,1012,992,1141,,,,,,,,
1853,941,1105,1040,,,,,,,,
1946,991,1280,977,,,,,,,,
2814,939,1936,989,,,,,,,,
3139,834,2876,987,,,,,,,,
4609,849,4118,909,,,,,,,,
4954,811,4567,896,,,,,,,,
5891,757,5878,766,,,,,,,,
7330,732,7204,766,,,,,,,,
9029,710,8352,774,,,,,,,,
9899,689,10587,663,,,,,,,,
11829,623,11138,709,,,,,,,,
12879,590,12775,621,,,,,,,,
13936,523,13849,641,,,,,,,,
14835,517,14981,492,,,,,,,,
15322,519,14502,497,,,,,,,,
839,1068,735,1172,,,,,,,,
842,1161,766,1121,,,,,,,,
964,1019,833,1137,,,,,,,,
1118,1006,879,1102,,,,,,,,
1245,926,995,1011,,,,,,,,
1418,880,904,923,,,,,,,,
1719,1021,1280,964,,,,,,,,
2232,945,1824,845,,,,,,,,
3028,910,2381,894,,,,,,,,
3728,841,2864,832,,,,,,,,
4278,795,4185,800,,,,,,,,
5255,809,5087,855,,,,,,,,
6738,751,6305,753,,,,,,,,
7971,699,7355,718,,,,,,,,
9269,705,9299,745,,,,,,,,
11097,619,10256,595,,,,,,,,
11306,596,11743,618,,,,,,,,
12060,558,11902,615,,,,,,,,
13436,550,13390,522,,,,,,,,
13109,501,14073,457,,,,,,,,
87416,139148,43898,41333,,,,,,,,
95309,131801,42401,42574,,,,,,,,
101912,126048,44290,41775,,,,,,,,
107537,123960,43142,41684,,,,,,,,
106050,115972,43277,44120,,,,,,,,
100442,111321,41820,43114,,,,,,,,
99714,109213,43124,42942,,,,,,,,
94809,106745,43849,44918,,,,,,,,
94089,100449,43771,42709,,,,,,,,
87329,95576,44112,45449,,,,,,,,
85363,90813,42541,43652,,,,,,,,
79850,86889,44256,43567,,,,,,,,
78280,81637,43173,40865,,,,,,,,
73125,75806,42332,42574,,,,,,,,
69792,69590,41996,41781,,,,,,,,
63945,64581,43743,44087,,,,,,,,
59659,62113,43386,41289,,,,,,,,
55891,57137,45213,41360,,,,,,,,
50257,51994,40269,42081,,,,,,,,
45273,48137,43874,41503,,,,,,,,
57726,139350,26501,25646,,,,,,,,
74051,131398,28457,27355,,,,,,,,
83794,129579,26956,27202,,,,,,,,
87203,123186,28820,28748,,,,,,,,
91040,118228,30916,29418,,,,,,,,
92651,113667,32289,32622,,,,,,,,
90505,108332,34128,32323,,,,,,,,
88829,107299,34420,33152,,,,,,,,
88069,98226,36009,35190,,,,,,,,
83321,93685,39027,36621,,,,,,,,
80311,89227,38268,39376,,,,,,,,
77447,84222,40423,40585,,,,,,,,
76373,80868,42628,42421,,,,,,,,
71091,76362,45609,44536,,,,,,,,
65991,70593,48092,47999,,,,,,,,
61456,66841,50459,49072,,,,,,,,
57786,62002,46784,48013,,,,,,,,
54192,57080,47164,47239,,,,,,,,
50158,52977,43234,43001,,,,,,,,
44240,47034,38569,42052,,,,,,,,
42105,136403,21724,18992,,,,,,,,
54885,129200,22477,19192,,,,,,,,
64869,128082,23866,20609,,,,,,,,
71092,121801,24014,22199,,,,,,,,
80364,116363,25833,22232,,,,,,,,
81942,114732,27866,24533,,,,,,,,
84616,108209,30634,27255,,,,,,,,
83010,103092,32577,27581,,,,,,,,
81499,97702,35908,29787,,,,,,,,
78135,95152,37260,31721,,,,,,,,
77187,89339,40528,33527,,,,,,,,
73958,83410,43512,39283,,,,,,,,
70474,80740,51785,46114,,,,,,,,
66781,75450,53869,47979,,,,,,,,
64791,70937,54340,48911,,,,,,,,
59308,66276,55030,48879,,,,,,,,
54947,61606,51559,49536,,,,,,,,
52907,57003,48429,46690,,,,,,,,
46839,52015,44483,42434,,,,,,,,
45982,46357,41141,39875,,,,,,,,
33056,136786,16688,15621,,,,,,,,
40950,129423,16681,15056,,,,,,,,
51533,124842,17596,15981,,,,,,,,
61367,124110,17777,16647,,,,,,,,
69809,119155,19175,17471,,,,,,,,
74645,114667,20264,18680,,,,,,,,
75835,111353,22846,20587,,,,,,,,
74711,104631,25311,22338,,,,,,,,
75555,100590,27992,25733,,,,,,,,
74155,93274,33202,26895,,,,,,,,
75020,88417,39187,33132,,,,,,,,
69108,84102,41880,36540,,,,,,,,
68982,80774,46804,45340,,,,,,,,
64331,76301,53750,48528,,,,,,,,
59011,69143,55204,50857,,,,,,,,
58418,67121,53599,53099,,,,,,,,
53620,58678,50081,49336,,,,,,,,
50827,56044,45774,46263,,,,,,,,
45898,52573,44147,42751,,,,,,,,
41398,46941,40809,40352,,,,,,,,
25691,134358,13868,11679,,,,,,,,
34027,129726,13398,11413,,,,,,,,
41014,127349,13791,11862,,,,,,,,
49983,122225,14894,12698,,,,,,,,
57094,114660,15417,13834,,,,,,,,
65980,109738,16897,14794,,,,,,,,
67637,108073,19344,16091,,,,,,,,
67825,103871,23264,18289,,,,,,,,
69027,98927,26876,21099,,,,,,,,
70096,95466,33532,24583,,,,,,,,
69408,89413,36468,29710,,,,,,,,
64878,82936,45148,38835,,,,,,,,
63473,80763,52316,45142,,,,,,,,
62952,74672,55319,47740,,,,,,,,
57354,71325,54726,51114,,,,,,,,
55918,66781,52027,51030,,,,,,,,
52147,59297,49763,49331,,,,,,,,
47993,56414,45379,44417,,,,,,,,
43684,50170,42517,43944,,,,,,,,
41328,45426,40072,39403,,,,,,,,
20500,10295,10871,10551,,,,,,,,
26020,10220,11176,10453,,,,,,,,
32357,9879,9863,10398,,,,,,,,
40062,9812,10794,10011,,,,,,,,
50492,9906,12815,10025,,,,,,,,
53702,9735,14045,9983,,,,,,,,
60152,9574,16316,9504,,,,,,,,
62285,9226,18021,9286,,,,,,,,
64011,9275,23085,9138,,,,,,,,
65079,8927,27637,8978,,,,,,,,
65808,8249,37278,8411,,,,,,,,
62410,8124,45636,8266,,,,,,,,
59319,7977,51628,7977,,,,,,,,
57775,7814,52925,8078,,,,,,,,
55427,7479,53863,7386,,,,,,,,
52150,7110,50010,7138,,,,,,,,
49177,6750,48857,6752,,,,,,,,
46028,6454,47977,6461,,,,,,,,
42192,6053,42234,5892,,,,,,,,
39717,5606,39443,5685,,,,,,,,
17013,10204,9168,1774,,,,,,,,
22668,10166,8206,1686,,,,,,,,
26741,10124,8683,1737,,,,,,,,
33016,10031,9229,1598,,,,,,,,
41808,9898,9605,1524,,,,,,,,
49363,9742,11814,1517,,,,,,,,
51672,9222,13076,1429,,,,,,,,
56728,9398,15338,1453,,,,,,,,
61257,8958,19001,1348,,,,,,,,
58212,8741,24568,1276,,,,,,,,
59221,8517,34547,1212,,,,,,,,
59627,8335,40175,1208,,,,,,,,
56762,7901,49095,1121,,,,,,,,
54996,7881,51194,1044,,,,,,,,
52414,7464,51834,971,,,,,,,,
51614,7086,49186,909,,,,,,,,
49623,6747,47889,883,,,,,,,,
44751,6411,44572,848,,,,,,,,
41695,6182,40796,741,,,,,,,,
37265,5645,37256,730,,,,,,,,
13550,10272,7417,1802,,,,,,,,
17401,10289,6647,1734,,,,,,,,
23033,9883,6800,1591,,,,,,,,
29119,9661,7296,1606,,,,,,,,
34030,9823,8184,1464,,,,,,,,
40675,9766,9968,1511,,,,,,,,
46308,9535,11893,1515,,,,,,,,
51051,8931,12970,1424,,,,,,,,
55027,8764,18376,1273,,,,,,,,
54852,8696,24075,1244,,,,,,,,
56276,8510,33685,1155,,,,,,,,
55002,8439,43454,1224,,,,,,,,
54635,8107,47303,1087,,,,,,,,
53395,7629,50443,1017,,,,,,,,
52125,7518,47514,987,,,,,,,,
48593,7188,48888,966,,,,,,,,
45460,6811,46818,833,,,,,,,,
42952,6272,43346,819,,,,,,,,
41461,5891,39818,771,,,,,,,,
37096,5651,37027,678,,,,,,,,
11255,10307,6826,1703,,,,,,,,
14873,9956,5036,1886,,,,,,,,
18158,9976,5300,1626,,,,,,,,
22946,9905,6454,1611,,,,,,,,
30459,9516,7249,1465,,,,,,,,
34824,9439,8105,1530,,,,,,,,
40215,9281,9951,1426,,,,,,,,
45350,9361,11839,1380,,,,,,,,
48079,8856,14650,1299,,,,,,,,
49981,8726,19956,1275,,,,,,,,
51901,8543,32591,1262,,,,,,,,
50155,8060,39584,1207,,,,,,,,
51037,7866,45745,1143,,,,,,,,
50295,7733,45442,1073,,,,,,,,
47554,7516,47859,1025,,,,,,,,
46708,7247,45186,1000,,,,,,,,
44386,6691,43948,879,,,,,,,,
41487,6383,41590,771,,,,,,,,
39267,6077,39232,697,,,,,,,,
36997,5589,37435,720,,,,,,,,
9459,10349,4944,1628,,,,,,,,
12364,10202,4894,1548,,,,,,,,
14848,10127,4853,1469,,,,,,,,
19089,9740,5694,1438,,,,,,,,
24567,9768,5974,1381,,,,,,,,
27254,9538,7520,1364,,,,,,,,
35247,9496,8745,1247,,,,,,,,
40649,9187,10466,1288,,,,,,,,
44716,9145,13761,1212,,,,,,,,
46349,8901,20295,1106,,,,,,,,
48482,8473,30979,1067,,,,,,,,
49599,8318,39617,1055,,,,,,,,
48068,7896,45419,1046,,,,,,,,
48211,7786,46128,965,,,,,,,,
47048,7336,45146,1013,,,,,,,,
44571,7343,44378,869,,,,,,,,
42906,6765,43171,743,,,,,,,,
40094,6282,39692,758,,,,,,,,
37964,5976,38005,750,,,,,,,,
35908,5622,34644,694,,,,,,,,
7760,1697,3871,1612,,,,,,,,
9875,1711,3761,1445,,,,,,,,
13028,1529,3873,1555,,,,,,,,
15531,1514,4596,1485,,,,,,,,
20832,1517,5384,1386,,,,,,,,
26007,1407,6736,1334,,,,,,,,
29937,1440,7555,1386,,,,,,,,
33937,1318,10021,1221,,,,,,,,
40648,1373,13249,1277,,,,,,,,
41604,1188,16352,1235,,,,,,,,
44322,1217,29089,1151,,,,,,,,
45353,1054,35277,1111,,,,,,,,
45272,1050,42853,1018,,,,,,,,
45708,974,43173,1014,,,,,,,,
44778,962,43652,964,,,,,,,,
42726,984,42243,932,,,,,,,,
40758,828,40287,870,,,,,,,,
39226,809,39454,801,,,,,,,,
35034,785,38150,711,,,,,,,,
33709,712,32438,669,,,,,,,,
6934,1710,2974,1579,,,,,,,,
8402,1530,3185,1574,,,,,,,,
11553,1507,3495,1456,,,,,,,,
14367,1505,3875,1472,,,,,,,,
16439,1513,4236,1363,,,,,,,,
21698,1392,5796,1409,,,,,,,,
23182,1420,6334,1374,,,,,,,,
30073,1353,8710,1289,,,,,,,,
34986,1338,10761,1263,,,,,,,,
37146,1289,14785,1138,,,,,,,,
40435,1179,27158,1137,,,,,,,,
41513,1109,34352,1142,,,,,,,,
43016,961,38268,974,,,,,,,,
43330,1005,40822,1041,,,,,,,,
42226,948,39936,921,,,,,,,,
41081,858,39627,840,,,,,,,,
39096,933,39559,815,,,,,,,,
37813,772,37360,754,,,,,,,,
34886,774,35587,739,,,,,,,,
33141,758,34051,732,,,,,,,,
5650,1642,2814,1572,,,,,,,,
7073,1613,2598,1591,,,,,,,,
8794,1586,3138,1490,,,,,,,,
11585,1585,3739,1469,,,,,,,,
14919,1423,4112,1434,,,,,,,,
19609,1393,5096,1283,,,,,,,,
22873,1366,6227,1305,,,,,,,,
26212,1254,8021,1235,,,,,,,,
31196,1273,10414,1285,,,,,,,,
35601,1288,17401,1213,,,,,,,,
37190,1198,23652,1175,,,,,,,,
37845,1107,31164,1117,,,,,,,,
39839,1052,35203,997,,,,,,,,
41274,1030,38791,971,,,,,,,,
40578,891,39074,1020,,,,,,,,
40377,913,39653,883,,,,,,,,
38282,927,37502,806,,,,,,,,
36450,819,36081,732,,,,,,,,
34120,750,35793,705,,,,,,,,
32629,740,32682,652,,,,,,,,
4395,1679,2056,1492,,,,,,,,
6178,1588,2301,1449,,,,,,,,
7970,1503,2666,1324,,,,,,,,
9655,1510,2946,1267,,,,,,,,
12338,1452,3397,1331,,,,,,,,
15165,1341,4393,1221,,,,,,,,
19822,1351,5727,1186,,,,,,,,
23527,1354,6627,1060,,,,,,,,
25951,1231,8825,1095,,,,,,,,
30085,1176,13911,1097,,,,,,,,
33503,1175,20263,934,,,,,,,,
35819,1083,31101,974,,,,,,,,
37126,1076,35602,911,,,,,,,,
37560,1036,34362,876,,,,,,,,
38231,940,36020,841,,,,,,,,
39052,883,36527,778,,,,,,,,
35307,881,35686,761,,,,,,,,
33730,878,35086,685,,,,,,,,
32559,836,33040,611,,,,,,,,
30735,624,30366,561,,,,,,,,
4097,1609,2002,1467,,,,,,,,
5009,1616,2248,1330,,,,,,,,
6671,1415,2119,1413,,,,,,,,
8262,1495,2938,1257,,,,,,,,
10160,1467,3065,1288,,,,,,,,
12876,1361,4118,1182,,,,,,,,
17223,1372,4927,1191,,,,,,,,
20613,1284,6272,1096,,,,,,,,
24030,1341,9004,1093,,,,,,,,
27095,1223,12760,1097,,,,,,,,
31182,1194,19630,939,,,,,,,,
31402,983,26379,919,,,,,,,,
34913,1090,31640,917,,,,,,,,
34440,1011,34956,866,,,,,,,,
35839,982,35090,792,,,,,,,,
34580,905,34843,732,,,,,,,,
34983,862,33125,749,,,,,,,,
34103,792,33061,629,,,,,,,,
31592,702,31388,642,,,,,,,,
29947,699,30593,583,,,,,,,,
3368,1307,1677,1385,,,,,,,,
4435,1367,1752,1406,,,,,,,,
5547,1389,2032,1401,,,,,,,,
7297,1201,2327,1353,,,,,,,,
8719,1200,2552,1297,,,,,,,,
10300,1182,3514,1158,,,,,,,,
14222,1064,4325,1144,,,,,,,,
16770,1105,5632,1141,,,,,,,,
19983,1022,6674,1108,,,,,,,,
23972,993,12898,1073,,,,,,,,
28871,942,18844,1022,,,,,,,,
29755,893,25705,972,,,,,,,,
30929,830,28773,928,,,,,,,,
34018,822,33426,873,,,,,,,,
32802,762,33388,798,,,,,,,,
34541,690,33784,757,,,,,,,,
32733,700,32275,743,,,,,,,,
31828,648,31369,679,,,,,,,,
31286,623,30076,684,,,,,,,,
27947,567,27657,594,,,,,,,,
3059,1375,1515,1494,,,,,,,,
3773,1340,1572,1245,,,,,,,,
4811,1226,1763,1308,,,,,,,,
5936,1215,1927,1252,,,,,,,,
7914,1147,2340,1172,,,,,,,,
9361,1152,2950,1138,,,,,,,,
11550,1056,3612,1119,,,,,,,,
16583,1051,4468,1073,,,,,,,,
17921,980,7355,1043,,,,,,,,
21866,1027,10550,993,,,,,,,,
24057,962,15703,930,,,,,,,,
26735,795,22635,926,,,,,,,,
28309,816,26807,906,,,,,,,,
30710,787,29510,828,,,,,,,,
32288,895,30523,741,,,,,,,,
32249,749,31901,744,,,,,,,,
30861,691,30361,678,,,,,,,,
30591,637,30261,653,,,,,,,,
28623,607,28945,645,,,,,,,,
27521,496,27842,605,,,,,,,,
2701,1282,1277,1367,,,,,,,,
2921,1315,1308,1306,,,,,,,,
4338,1153,1502,1346,,,,,,,,
4696,1174,1750,1248,,,,,,,,
6362,1108,2147,1181,,,,,,,,
9012,1122,2512,1195,,,,,,,,
10543,1048,3656,1176,,,,,,,,
12717,1004,4364,1079,,,,,,,,
16439,1052,6448,1004,,,,,,,,
18524,1035,9582,996,,,,,,,,
22262,969,14634,979,,,,,,,,
24468,885,21696,889,,,,,,,,
25792,852,25491,834,,,,,,,,
28147,828,28022,787,,,,,,,,
29480,680,29157,781,,,,,,,,
30422,723,29413,770,,,,,,,,
28867,709,28694,752,,,,,,,,
28214,643,28139,692,,,,,,,,
28009,628,27995,612,,,,,,,,
26878,575,26345,591,,,,,,,,
2318,1288,1118,1406,,,,,,,,
2603,1347,1187,1368,,,,,,,,
3696,1206,1414,1233,,,,,,,,
4457,1171,1526,1172,,,,,,,,
5478,1252,1912,1157,,,,,,,,
7469,1140,2144,1146,,,,,,,,
9093,1047,2918,1145,,,,,,,,
11743,1129,3994,1093,,,,,,,,
14479,1058,5868,1013,,,,,,,,
17023,1007,9337,1073,,,,,,,,
19954,935,13445,915,,,,,,,,
21435,914,16910,946,,,,,,,,
23972,942,23328,854,,,,,,,,
24759,744,25656,818,,,,,,,,
27219,763,26927,800,,,,,,,,
27825,726,28159,754,,,,,,,,
27820,679,27787,682,,,,,,,,
26877,652,26732,646,,,,,,,,
25450,662,27051,629,,,,,,,,
25382,553,25270,575,,,,,,,,
1811,1341,1185,1256,,,,,,,,
2280,1264,1204,1203,,,,,,,,
2970,1257,1391,1155,,,,,,,,
4165,1175,1520,1162,,,,,,,,
4740,1198,1793,1109,,,,,,,,
5745,1100,2194,1131,,,,,,,,
7859,1109,2420,1059,,,,,,,,
9266,1039,3718,1004,,,,,,,,
12625,1000,5800,951,,,,,,,,
13958,937,8206,959,,,,,,,,
17255,906,13090,889,,,,,,,,
20108,878,17362,852,,,,,,,,
22030,841,19966,865,,,,,,,,
23631,888,24400,831,,,,,,,,
25598,751,25873,783,,,,,,,,
25799,730,25665,736,,,,,,,,
24941,692,25657,655,,,,,,,,
26534,642,26200,650,,,,,,,,
24889,628,24740,578,,,,,,,,
23530,559,23969,518,,,,,,,,
1687,1186,1036,1264,,,,,,,,
2030,1114,1073,1278,,,,,,,,
2426,1141,1059,1268,,,,,,,,
3298,1103,1530,1237,,,,,,,,
3944,942,1714,1146,,,,,,,,
5523,992,2010,1132,,,,,,,,
6669,950,2572,1130,,,,,,,,
7860,919,2909,991,,,,,,,,
10419,939,5580,1007,,,,,,,,
13464,919,7292,948,,,,,,,,
15750,878,11612,891,,,,,,,,
18281,797,14725,908,,,,,,,,
20083,765,18178,791,,,,,,,,
20594,733,21230,801,,,,,,,,
22698,770,23406,788,,,,,,,,
24060,643,24350,724,,,,,,,,
24800,619,24706,617,,,,,,,,
23727,583,25276,686,,,,,,,,
23504,556,23391,631,,,,,,,,
22912,492,23320,529,,,,,,,,
1579,1116,1017,1252,,,,,,,,
1842,1100,1022,1325,,,,,,,,
2174,1122,1349,1252,,,,,,,,
2627,1129,1218,1260,,,,,,,,
3611,1076,1284,1168,,,,,,,,
4371,1021,1650,1143,,,,,,,,
5342,975,2296,1016,,,,,,,,
7467,939,3006,1121,,,,,,,,
9297,964,4295,971,,,,,,,,
10693,863,9139,919,,,,,,,,
13022,861,9665,907,,,,,,,,
16048,813,15182,832,,,,,,,,
17961,763,17871,860,,,,,,,,
18509,744,17940,714,,,,,,,,
20623,710,20670,719,,,,,,,,
22327,634,21799,676,,,,,,,,
23324,557,23408,682,,,,,,,,
22078,611,23116,634,,,,,,,,
23261,598,22965,590,,,,,,,,
22137,525,21833,519,,,,,,,,
1284,1168,972,1279,,,,,,,,
1538,1169,1132,1181,,,,,,,,
2033,1059,948,1214,,,,,,,,
2350,1039,1108,1237,,,,,,,,
2780,1064,1237,1214,,,,,,,,
3642,1006,1596,1093,,,,,,,,
4994,1024,2035,1040,,,,,,,,
6397,998,2821,1054,,,,,,,,
7594,956,3985,978,,,,,,,,
10026,956,6329,982,,,,,,,,
11608,826,9926,963,,,,,,,,
13910,800,12674,924,,,,,,,,
16343,767,14043,800,,,,,,,,
17609,665,17397,731,,,,,,,,
19608,764,19337,773,,,,,,,,
21014,622,20950,701,,,,,,,,
20910,569,20921,690,,,,,,,,
21397,574,21113,599,,,,,,,,
21139,546,21559,658,,,,,,,,
20920,544,20558,489,,,,,,,,
1302,1197,914,1264,,,,,,,,
1384,1198,882,1213,,,,,,,,
1608,1106,883,1174,,,,,,,,
2218,1129,1003,1167,,,,,,,,
2945,1064,1340,1098,,,,,,,,
3265,984,1696,1008,,,,,,,,
4336,983,1749,1001,,,,,,,,
5624,979,2835,1057,,,,,,,,
6307,861,3939,958,,,,,,,,
8053,798,6912,913,,,,,,,,
9045,826,9147,897,,,,,,,,
12372,837,11680,847,,,,,,,,
14088,833,14225,813,,,,,,,,
16184,716,16664,780,,,,,,,,
18166,657,16566,667,,,,,,,,
18044,665,19098,723,,,,,,,,
19398,650,20519,695,,,,,,,,
19729,592,20183,634,,,,,,,,
19896,521,20526,586,,,,,,,,
19670,496,18933,534,,,,,,,,
1290,1235,835,1232,,,,,,,,
1244,1273,797,1222,,,,,,,,
1562,1160,1030,1141,,,,,,,,
1911,1150,1063,1128,,,,,,,,
2349,1018,1055,1074,,,,,,,,
2787,1057,1309,1073,,,,,,,,
3611,1044,2018,1008,,,,,,,,
4636,952,2708,1028,,,,,,,,
5725,929,4083,921,,,,,,,,
7187,975,5691,919,,,,,,,,
9736,816,7719,836,,,,,,,,
10546,776,9584,813,,,,,,,,
12800,757,12715,826,,,,,,,,
14819,766,12955,768,,,,,,,,
15834,667,16282,706,,,,,,,,
17257,670,16344,599,,,,,,,,
18111,622,18692,715,,,,,,,,
19716,588,18965,546,,,,,,,,
18589,514,18393,519,,,,,,,,
18903,500,18530,578,,,,,,,,
1079,1123,886,1184,,,,,,,,
1282,1157,758,1213,,,,,,,,
1257,1045,890,1139,,,,,,,,
1559,1103,924,1087,,,,,,,,
2062,998,1067,1064,,,,,,,,
2651,985,1209,1046,,,,,,,,
3349,1015,1643,1008,,,,,,,,
4178,922,2490,987,,,,,,,,
5191,887,4197,896,,,,,,,,
6380,904,4626,831,,,,,,,,
7450,822,6837,852,,,,,,,,
8879,772,8907,915,,,,,,,,
11585,772,11714,805,,,,,,,,
13106,656,12579,785,,,,,,,,
14698,690,13861,729,,,,,,,,
15107,611,15753,720,,,,,,,,
16375,642,16748,668,,,,,,,,
17635,546,18262,592,,,,,,,,
17137,556,17697,594,,,,,,,,
17873,418,18403,498,,,,,,,,
1033,1054,927,1153,,,,,,,,
1034,1100,857,1240,,,,,,,,
1218,1078,809,1109,,,,,,,,
1328,1120,930,1033,,,,,,,,
1806,1042,994,1050,,,,,,,,
2259,1001,1304,993,,,,,,,,
2724,980,1646,1072,,,,,,,,
3119,891,2130,941,,,,,,,,
4987,903,3224,959,,,,,,,,
5500,884,4114,913,,,,,,,,
6692,827,5723,813,,,,,,,,
8552,777,8301,793,,,,,,,,
9780,729,9942,774,,,,,,,,
10789,683,11282,788,,,,,,,,
13641,662,12720,645,,,,,,,,
14565,621,15094,735,,,,,,,,
15056,530,15066,601,,,,,,,,
16131,536,15782,564,,,,,,,,
16418,469,16576,576,,,,,,,,
16098,538,16191,458,,,,,,,,
975,1117,790,1241,,,,,,,,
1034,1127,941,1167,,,,,,,,
1058,1052,825,1051,,,,,,,,
1321,1094,940,1101,,,,,,,,
1445,1039,939,1040,,,,,,,,
1936,1003,1028,1047,,,,,,,,
2483,938,1741,953,,,,,,,,
2939,894,1884,942,,,,,,,,
3902,957,3126,951,,,,,,,,
4690,775,4223,873,,,,,,,,
5862,784,5601,783,,,,,,,,
7037,789,7575,808,,,,,,,,
8982,784,8600,766,,,,,,,,
10077,704,10643,728,,,,,,,,
11417,733,11824,771,,,,,,,,
13722,571,13152,706,,,,,,,,
14490,568,13344,613,,,,,,,,
15370,579,15172,544,,,,,,,,
15379,575,15708,545,,,,,,,,
15631,481,15457,520,,,,,,,,
904,1090,838,1186,,,,,,,,
911,1084,806,1243,,,,,,,,
986,1073,912,1144,,,,,,,,
1326,1033,853,1051,,,,,,,,
1393,1030,913,1076,,,,,,,,
1942,1009,1111,977,,,,,,,,
2306,902,1379,946,,,,,,,,
2659,907,2027,986,,,,,,,,
3514,923,2776,912,,,,,,,,
3835,922,3424,835,,,,,,,,
5116,853,4774,769,,,,,,,,
6470,797,6245,849,,,,,,,,
7473,709,7646,710,,,,,,,,
8861,687,8827,767,,,,,,,,
10403,662,10131,666,,,,,,,,
13073,607,11256,683,,,,,,,,
12670,624,13198,547,,,,,,,,
13678,577,13554,527,,,,,,,,
14748,514,14713,545,,,,,,,,
14194,519,14677,511,,,,,,,,
852,1118,788,1199,,,,,,,,
816,1093,787,1125,,,,,,,,
969,1076,770,1163,,,,,,,,
1070,1127,796,1029,,,,,,,,
1332,1025,794,1031,,,,,,,,
1573,945,1041,1023,,,,,,,,
1855,936,1453,957,,,,,,,,
2255,960,1655,907,,,,,,,,
2859,930,2674,1007,,,,,,,,
3693,835,3315,908,,,,,,,,
4196,791,4495,866,,,,,,,,
5073,779,5624,737,,,,,,,,
6378,765,6621,706,,,,,,,,
7410,716,7458,760,,,,,,,,
8980,638,9517,673,,,,,,,,
10775,606,10469,680,,,,,,,,
11374,618,11770,635,,,,,,,,
12662,562,13213,588,,,,,,,,
13023,471,13989,490,,,,,,,,
13325,483,13181,545,,,,,,,,
87249,138037,42181,42761,,,,,,,,
98433,129413,43432,42266,,,,,,,,
100597,128714,44432,44017,,,,,,,,
106716,123089,41464,42104,,,,,,,,
102419,120270,43949,45532,,,,,,,,
104245,114555,43521,42679,,,,,,,,
98929,108835,44493,41092,,,,,,,,
97620,104202,44265,43625,,,,,,,,
94290,97085,43666,43560,,,,,,,,
87858,95728,43547,44355,,,,,,,,
84625,91807,44952,43343,,,,,,,,
79344,86985,45329,42661,,,,,,,,
78951,82020,42243,45351,,,,,,,,
74521,76224,45480,43992,,,,,,,,
69215,73367,42114,41843,,,,,,,,
65140,66907,44315,44156,,,,,,,,
59830,62505,44773,43483,,,,,,,,
55193,56710,41564,43510,,,,,,,,
51271,51480,42838,40867,,,,,,,,
46964,46022,41334,42246,,,,,,,,
60311,137326,25724,26174,,,,,,,,
72797,134333,26697,27688,,,,,,,,
82987,126738,28581,28125,,,,,,,,
89412,121079,28973,28963,,,,,,,,
90631,118951,31193,28637,,,,,,,,
94142,113301,32173,31720,,,,,,,,
89472,109376,32832,32640,,,,,,,,
86934,105255,35077,35049,,,,,,,,
84890,99809,37017,35734,,,,,,,,
85322,94625,35061,36450,,,,,,,,
82624,88277,39805,39057,,,,,,,,
76860,86949,41390,42265,,,,,,,,
73272,80416,41285,40923,,,,,,,,
70347,75137,42854,45865,,,,,,,,
66684,71107,45880,44741,,,,,,,,
61330,67245,46454,47111,,,,,,,,
57714,61347,47927,48692,,,,,,,,
52546,55074,46955,44901,,,,,,,,
48546,53307,44779,42821,,,,,,,,
45680,48478,41082,40677,,,,,,,,
43303,137962,21736,19293,,,,,,,,
53929,134650,22412,19615,,,,,,,,
65581,125907,23029,21011,,,,,,,,
74621,121149,25112,22376,,,,,,,,
78860,119344,25962,22610,,,,,,,,
82047,113721,28560,24663,,,,,,,,
82481,109076,30176,25961,,,,,,,,
81888,105193,30766,29089,,,,,,,,
82110,101078,35035,30503,,,,,,,,
77839,94330,38383,33557,,,,,,,,
75560,91944,41630,35863,,,,,,,,
73763,84239,46530,37808,,,,,,,,
70917,79865,49986,41699,,,,,,,,
65828,74623,54270,44765,,,,,,,,
63234,70525,54939,47398,,,,,,,,
57540,65232,54196,49928,,,,,,,,
57494,61302,52953,49977,,,,,,,,
52539,55236,48989,47676,,,,,,,,
47895,52104,46041,46027,,,,,,,,
43360,48169,41523,43506,,,,,,,,
31872,134910,16099,14478,,,,,,,,
42343,128191,16732,15372,,,,,,,,
51802,125493,16854,16023,,,,,,,,
59468,123084,18413,16201,,,,,,,,
67339,116714,18403,18387,,,,,,,,
71608,112778,21296,19723,,,,,,,,
71824,108613,22238,20750,,,,,,,,
73919,103376,24902,22526,,,,,,,,
75880,100029,29995,25040,,,,,,,,
72370,93553,33203,28479,,,,,,,,
70779,91348,37429,31524,,,,,,,,
68943,85133,44752,38642,,,,,,,,
68043,78768,51172,43402,,,,,,,,
64440,73328,53834,49508,,,,,,,,
61442,72224,54957,51995,,,,,,,,
57086,64385,52934,51869,,,,,,,,
54616,61176,51761,50133,,,,,,,,
50867,57670,47863,47419,,,,,,,,
45757,49912,45231,45296,,,,,,,,
42965,46040,41022,40914,,,,,,,,
25546,131641,13451,12026,,,,,,,,
33156,132157,13956,11883,,,,,,,,
42579,125706,14565,11881,,,,,,,,
52435,124385,14835,13209,,,,,,,,
61017,115632,17132,13413,,,,,,,,
65656,112940,17887,15173,,,,,,,,
67422,107482,20418,16478,,,,,,,,
70183,101654,23236,18978,,,,,,,,
69386,97839,26710,20898,,,,,,,,
69171,93559,32644,26276,,,,,,,,
68807,89524,38249,28635,,,,,,,,
64662,83565,44546,35911,,,,,,,,
64541,80000,53161,43500,,,,,,,,
61061,76101,54399,51735,,,,,,,,
57647,71013,53959,53231,,,,,,,,
55753,66293,52710,51115,,,,,,,,
50751,62846,49312,49360,,,,,,,,
47525,56367,47770,47208,,,,,,,,
45753,51944,42351,42619,,,,,,,,
40726,48277,38662,40537,,,,,,,,
21227,10155,11071,10392,,,,,,,,
25969,10180,10736,10286,,,,,,,,
35098,9955,10741,10191,,,,,,,,
41372,10086,11669,9880,,,,,,,,
49778,9746,12245,10088,,,,,,,,
53794,9541,14537,9719,,,,,,,,
58939,9374,16641,9498,,,,,,,,
62614,9405,18652,9639,,,,,,,,
66069,9226,21705,8961,,,,,,,,
65193,8793,28514,8953,,,,,,,,
64271,8541,34400,8503,,,,,,,,
61843,8167,42963,8375,,,,,,,,
61007,7960,49810,8222,,,,,,,,
58319,7833,51935,7753,,,,,,,,
56203,7345,53120,7204,,,,,,,,
53011,7059,50539,6941,,,,,,,,
51399,6922,49002,6797,,,,,,,,
46124,6494,44800,6302,,,,,,,,
44383,5736,41404,6112,,,,,,,,
40637,5592,38617,5621,,,,,,,,
16975,10165,8870,1866,,,,,,,,
22071,10080,8299,1815,,,,,,,,
26458,10277,8039,1698,,,,,,,,
34122,9756,8512,1670,,,,,,,,
39028,9484,10299,1483,,,,,,,,
46161,9441,10530,1516,,,,,,,,
53327,9520,13459,1504,,,,,,,,
56882,9341,16125,1435,,,,,,,,
60286,9010,20326,1298,,,,,,,,
58970,8576,25703,1346,,,,,,,,
59547,8501,31803,1191,,,,,,,,
59566,8395,40605,1180,,,,,,,,
57166,8052,46305,1100,,,,,,,,
54867,7602,51961,1071,,,,,,,,
54953,7383,50051,984,,,,,,,,
51191,7134,47854,1001,,,,,,,,
48573,6828,46864,901,,,,,,,,
45610,6423,43966,869,,,,,,,,
43846,6083,41489,707,,,,,,,,
38276,5869,37003,725,,,,,,,,
14064,10593,7764,1805,,,,,,,,
17461,10142,6320,1685,,,,,,,,
22251,10032,6610,1750,,,,,,,,
27337,9690,6979,1644,,,,,,,,
34251,9958,8846,1483,,,,,,,,
41425,9571,9471,1502,,,,,,,,
46322,9518,12081,1469,,,,,,,,
50776,9250,13527,1374,,,,,,,,
53715,8809,17139,1359,,,,,,,,
55095,8690,22914,1309,,,,,,,,
55427,8456,34187,1239,,,,,,,,
56217,8172,40036,1226,,,,,,,,
54658,8058,48647,1184,,,,,,,,
52675,7969,49068,1035,,,,,,,,
51370,7570,48768,1029,,,,,,,,
48206,7132,48945,967,,,,,,,,
46590,6839,45122,916,,,,,,,,
43618,6357,41461,841,,,,,,,,
39504,5910,40338,816,,,,,,,,
36477,5587,36908,705,,,,,,,,
11028,10125,5869,1779,,,,,,,,
15093,10174,5377,1739,,,,,,,,
17700,10038,5989,1716,,,,,,,,
21732,9777,6076,1579,,,,,,,,
28230,9800,7667,1625,,,,,,,,
33999,9643,8003,1549,,,,,,,,
39153,9357,9428,1462,,,,,,,,
46453,9002,11747,1424,,,,,,,,
49790,8925,15627,1365,,,,,,,,
51959,8728,18642,1279,,,,,,,,
52264,8415,31404,1123,,,,,,,,
52030,8286,38332,1231,,,,,,,,
51661,7754,43625,1154,,,,,,,,
50144,7715,47167,1071,,,,,,,,
49207,7494,47513,969,,,,,,,,
46407,7004,46647,980,,,,,,,,
45881,6723,44289,873,,,,,,,,
42229,6476,42795,898,,,,,,,,
39758,5941,40239,775,,,,,,,,
36027,5623,36031,754,,,,,,,,
9811,10257,4881,1610,,,,,,,,
12310,10063,4273,1611,,,,,,,,
14943,9983,5105,1537,,,,,,,,
20655,9947,5323,1560,,,,,,,,
24782,9601,6729,1427,,,,,,,,
29411,9633,7642,1397,,,,,,,,
33848,9120,8834,1288,,,,,,,,
40743,8943,10726,1291,,,,,,,,
44673,8801,12687,1258,,,,,,,,
45729,8640,19709,1162,,,,,,,,
47642,8494,26808,1119,,,,,,,,
47764,8363,37545,1085,,,,,,,,
48980,8222,44632,1037,,,,,,,,
48088,7500,45458,955,,,,,,,,
45064,7260,45427,892,,,,,,,,
45280,7135,45079,850,,,,,,,,
41368,6628,42263,870,,,,,,,,
41470,6245,40331,689,,,,,,,,
39943,6009,37873,746,,,,,,,,
36166,5428,34952,648,,,,,,,,
7828,1662,4038,1556,,,,,,,,
10157,1653,3623,1552,,,,,,,,
12727,1602,4082,1456,,,,,,,,
16429,1490,4787,1430,,,,,,,,
19921,1487,5766,1385,,,,,,,,
25401,1517,6445,1319,,,,,,,,
30729,1328,8015,1355,,,,,,,,
36546,1191,9943,1314,,,,,,,,
39977,1270,11564,1153,,,,,,,,
40872,1138,17792,1169,,,,,,,,
45652,1209,24312,1147,,,,,,,,
44603,1145,37439,1177,,,,,,,,
46242,1117,40671,1027,,,,,,,,
45610,962,43362,917,,,,,,,,
44235,956,41767,971,,,,,,,,
43274,935,41891,899,,,,,,,,
41587,854,41111,789,,,,,,,,
38511,784,37781,791,,,,,,,,
36536,753,36590,712,,,,,,,,
33341,677,33555,621,,,,,,,,
6169,1712,2884,1576,,,,,,,,
8640,1626,3300,1579,,,,,,,,
11354,1584,3606,1489,,,,,,,,
14067,1535,4219,1373,,,,,,,,
17752,1443,5297,1516,,,,,,,,
22530,1477,5617,1329,,,,,,,,
26408,1487,7373,1268,,,,,,,,
30456,1297,8067,1293,,,,,,,,
33858,1257,10520,1229,,,,,,,,
36905,1144,14766,1142,,,,,,,,
41305,1220,25540,1066,,,,,,,,
42589,1109,32938,1068,,,,,,,,
41253,1142,39068,1043,,,,,,,,
41678,1019,41665,1057,,,,,,,,
42461,1033,41886,968,,,,,,,,
41404,919,39766,873,,,,,,,,
39808,872,38410,848,,,,,,,,
38709,787,37328,814,,,,,,,,
35271,725,34718,750,,,,,,,,
33276,671,32478,702,,,,,,,,
5726,1615,2424,1579,,,,,,,,
6883,1483,2477,1505,,,,,,,,
9037,1578,3323,1439,,,,,,,,
11867,1499,3668,1491,,,,,,,,
14456,1372,4305,1417,,,,,,,,
17795,1476,5042,1312,,,,,,,,
23562,1398,6253,1350,,,,,,,,
26431,1274,8393,1234,,,,,,,,
31395,1269,9925,1216,,,,,,,,
34844,1170,13693,1214,,,,,,,,
36694,1201,21469,1036,,,,,,,,
38439,1082,30928,1060,,,,,,,,
40783,1119,35682,979,,,,,,,,
40318,984,39422,987,,,,,,,,
40591,1049,38485,906,,,,,,,,
39527,860,37338,854,,,,,,,,
37767,963,36985,791,,,,,,,,
35616,898,35770,789,,,,,,,,
34406,735,33794,748,,,,,,,,
31059,660,30994,654,,,,,,,,
4742,1675,2162,1431,,,,,,,,
6742,1605,2257,1342,,,,,,,,
8093,1607,2748,1392,,,,,,,,
10427,1494,2957,1287,,,,,,,,
11900,1399,4035,1270,,,,,,,,
14939,1395,4185,1197,,,,,,,,
18759,1369,5934,1170,,,,,,,,
24942,1241,6731,1140,,,,,,,,
27629,1194,8699,996,,,,,,,,
31011,1237,13347,1065,,,,,,,,
33145,1239,19078,1017,,,,,,,,
36047,1128,29825,944,,,,,,,,
37648,1060,34716,938,,,,,,,,
37756,1022,35528,853,,,,,,,,
36704,917,35916,849,,,,,,,,
37118,895,35978,739,,,,,,,,
36497,849,36880,734,,,,,,,,
33772,817,34460,650,,,,,,,,
33132,791,33111,676,,,,,,,,
31720,697,30606,589,,,,,,,,
4340,1614,1758,1472,,,,,,,,
5172,1451,2086,1314,,,,,,,,
6656,1573,2348,1223,,,,,,,,
8646,1458,2577,1318,,,,,,,,
11437,1476,3036,1296,,,,,,,,
12573,1376,4148,1150,,,,,,,,
17452,1377,4848,1120,,,,,,,,
19437,1397,6541,1093,,,,,,,,
24450,1244,8234,1102,,,,,,,,
27393,1211,14697,1024,,,,,,,,
29893,1205,18744,921,,,,,,,,
31744,1157,28919,946,,,,,,,,
34252,1097,32523,955,,,,,,,,
36411,1022,34384,786,,,,,,,,
36200,967,34315,726,,,,,,,,
35093,940,36036,769,,,,,,,,
33658,919,34339,688,,,,,,,,
32619,897,33100,606,,,,,,,,
31307,723,31551,600,,,,,,,,
29762,758,28928,554,,,,,,,,
3397,1281,1767,1382,,,,,,,,
4502,1236,1884,1398,,,,,,,,
5996,1219,1932,1412,,,,,,,,
6977,1256,2314,1258,,,,,,,,
8984,1222,2630,1270,,,,,,,,
11470,1173,3652,1154,,,,,,,,
13732,1128,4359,1193,,,,,,,,
17682,1016,5645,1168,,,,,,,,
21783,1057,7686,1079,,,,,,,,
22558,1025,12071,1011,,,,,,,,
27240,977,19819,935,,,,,,,,
30652,990,24963,957,,,,,,,,
32065,948,30258,953,,,,,,,,
31934,877,32104,902,,,,,,,,
32992,763,33958,825,,,,,,,,
33015,739,32882,829,,,,,,,,
33777,682,33147,666,,,,,,,,
32114,596,31352,638,,,,,,,,
29899,583,30577,680,,,,,,,,
28230,502,28642,586,,,,,,,,
2954,1373,1718,1356,,,,,,,,
3821,1298,1512,1287,,,,,,,,
5064,1266,1770,1334,,,,,,,,
6180,1258,2008,1210,,,,,,,,
6975,1127,2304,1111,,,,,,,,
9176,1106,2934,1209,,,,,,,,
12900,1165,3418,1124,,,,,,,,
14581,1062,5111,1076,,,,,,,,
17224,1121,6842,1098,,,,,,,,
20580,970,11468,1011,,,,,,,,
24280,864,17296,907,,,,,,,,
25660,899,21412,986,,,,,,,,
28782,887,25810,913,,,,,,,,
30631,856,29484,840,,,,,,,,
30752,730,31800,739,,,,,,,,
30166,795,32030,728,,,,,,,,
31002,684,31101,621,,,,,,,,
30393,663,29799,612,,,,,,,,
28434,611,28760,623,,,,,,,,
27400,577,26883,540,,,,,,,,
2708,1353,1448,1407,,,,,,,,
3107,1291,1317,1336,,,,,,,,
4341,1315,1478,1267,,,,,,,,
5317,1208,1629,1202,,,,,,,,
6971,1175,2290,1137,,,,,,,,
8683,1180,2650,1139,,,,,,,,
10139,1111,3435,1066,,,,,,,,
13190,1034,4291,1106,,,,,,,,
15491,1185,6854,1041,,,,,,,,
19798,939,11085,955,,,,,,,,
21439,908,13224,917,,,,,,,,
23673,882,20766,892,,,,,,,,
27734,858,25615,905,,,,,,,,
28305,786,28072,810,,,,,,,,
29325,828,28996,820,,,,,,,,
29383,716,29611,718,,,,,,,,
29936,681,28946,651,,,,,,,,
28710,708,28951,650,,,,,,,,
28182,647,27005,604,,,,,,,,
26355,586,27237,618,,,,,,,,
2052,1288,1173,1405,,,,,,,,
2578,1264,1301,1332,,,,,,,,
3579,1211,1365,1355,,,,,,,,
4706,1185,1739,1182,,,,,,,,
5913,1206,1955,1175,,,,,,,,
7247,1143,2382,1153,,,,,,,,
9308,1061,3178,1106,,,,,,,,
10759,1078,3588,1044,,,,,,,,
12842,1007,5773,1014,,,,,,,,
16627,994,9520,986,,,,,,,,
18260,837,12675,895,,,,,,,,
20917,895,19087,886,,,,,,,,
24449,835,21932,963,,,,,,,,
25387,865,25168,777,,,,,,,,
26531,846,26498,780,,,,,,,,
28208,712,27375,724,,,,,,,,
27010,715,28348,685,,,,,,,,
27004,653,27438,692,,,,,,,,
25825,628,26719,621,,,,,,,,
25415,564,24862,563,,,,,,,,
1814,1375,1181,1351,,,,,,,,
2558,1394,1176,1314,,,,,,,,
3144,1310,1176,1218,,,,,,,,
3893,1163,1400,1204,,,,,,,,
5078,1139,1843,1155,,,,,,,,
6377,1074,2094,1198,,,,,,,,
7873,1157,2924,1172,,,,,,,,
9929,1047,3556,1106,,,,,,,,
11819,1049,5354,1003,,,,,,,,
14993,971,7807,987,,,,,,,,
18270,892,13220,964,,,,,,,,
19696,900,17276,852,,,,,,,,
22613,946,22198,833,,,,,,,,
23145,824,24117,807,,,,,,,,
25704,750,23408,733,,,,,,,,
25746,727,24975,769,,,,,,,,
25536,679,25679,578,,,,,,,,
26256,561,25924,607,,,,,,,,
24888,615,24590,587,,,,,,,,
24094,545,23547,584,,,,,,,,
1672,1261,1042,1344,,,,,,,,
2135,1120,1045,1299,,,,,,,,
2392,1101,1181,1218,,,,,,,,
3339,1071,1353,1234,,,,,,,,
4056,988,1620,1168,,,,,,,,
5059,939,2054,1084,,,,,,,,
6749,986,2818,1114,,,,,,,,
8634,955,3337,1012,,,,,,,,
10083,854,4818,905,,,,,,,,
12408,896,8692,903,,,,,,,,
14226,868,11664,889,,,,,,,,
17577,789,15916,942,,,,,,,,
20000,813,19600,835,,,,,,,,
21652,681,22107,774,,,,,,,,
22498,723,22366,746,,,,,,,,
23882,639,23870,720,,,,,,,,
24492,649,23937,724,,,,,,,,
24812,674,24348,683,,,,,,,,
24982,548,23575,621,,,,,,,,
22774,515,23121,539,,,,,,,,
1623,1199,894,1309,,,,,,,,
1894,1125,1121,1240,,,,,,,,
2336,982,1099,1240,,,,,,,,
2719,1115,1415,1179,,,,,,,,
3582,1047,1411,1070,,,,,,,,
4681,1047,1769,1130,,,,,,,,
5640,1032,2320,1047,,,,,,,,
7849,880,3028,1060,,,,,,,,
8768,947,4614,1038,,,,,,,,
11551,833,7049,960,,,,,,,,
13427,852,10494,912,,,,,,,,
15891,783,15167,836,,,,,,,,
17554,751,17370,869,,,,,,,,
20380,735,18316,860,,,,,,,,
21392,678,20990,726,,,,,,,,
22373,674,22060,726,,,,,,,,
23058,617,23070,655,,,,,,,,
23331,572,23293,674,,,,,,,,
23173,513,22346,563,,,,,,,,
21943,500,21408,568,,,,,,,,
1361,1144,986,1280,,,,,,,,
1592,1280,964,1342,,,,,,,,
2115,1168,1078,1328,,,,,,,,
2435,1158,1256,1270,,,,,,,,
3310,1081,1428,1190,,,,,,,,
3964,1059,1617,1164,,,,,,,,
5118,971,1914,1073,,,,,,,,
5375,991,2798,1121,,,,,,,,
8498,931,4313,985,,,,,,,,
9370,852,6863,927,,,,,,,,
12054,860,8920,962,,,,,,,,
12891,807,12895,840,,,,,,,,
15633,795,15261,838,,,,,,,,
17794,755,18312,790,,,,,,,,
19556,650,18896,762,,,,,,,,
21106,696,20222,674,,,,,,,,
21082,609,21513,612,,,,,,,,
21486,626,21294,622,,,,,,,,
21339,597,22136,602,,,,,,,,
20599,467,21717,556,,,,,,,,
1207,1172,828,1309,,,,,,,,
1323,1156,923,1117,,,,,,,,
1812,1051,965,1139,,,,,,,,
2227,1073,1127,1142,,,,,,,,
2749,1074,1265,1084,,,,,,,,
3571,1122,1690,1013,,,,,,,,
4362,977,1900,1040,,,,,,,,
5622,991,2806,969,,,,,,,,
6924,984,3425,964,,,,,,,,
8231,871,7112,942,,,,,,,,
9582,861,10017,861,,,,,,,,
12323,812,10558,802,,,,,,,,
14068,825,13834,811,,,,,,,,
16787,723,15665,717,,,,,,,,
17251,661,17552,781,,,,,,,,
18537,662,18023,667,,,,,,,,
19174,659,19342,672,,,,,,,,
20835,573,20205,644,,,,,,,,
20145,530,19358,575,,,,,,,,
19658,501,19672,458,,,,,,,,
1126,1238,823,1316,,,,,,,,
1306,1125,893,1244,,,,,,,,
1491,1110,981,1206,,,,,,,,
1899,1072,1002,1113,,,,,,,,
2324,1025,1147,1141,,,,,,,,
2920,978,1405,1035,,,,,,,,
3868,899,1771,1068,,,,,,,,
4553,906,2236,999,,,,,,,,
5584,836,3323,991,,,,,,,,
7049,923,5621,851,,,,,,,,
8717,903,7758,924,,,,,,,,
10829,855,10581,868,,,,,,,,
11982,802,12617,841,,,,,,,,
14690,690,13893,802,,,,,,,,
16604,662,15763,692,,,,,,,,
17604,654,16928,654,,,,,,,,
18992,635,17362,629,,,,,,,,
19885,541,18987,538,,,,,,,,
19368,518,18810,553,,,,,,,,
19171,544,17967,525,,,,,,,,
1117,1130,806,1301,,,,,,,,
1222,1096,854,1269,,,,,,,,
1437,1040,971,1248,,,,,,,,
1529,1018,888,1034,,,,,,,,
2060,1062,956,1064,,,,,,,,
2538,962,1275,1073,,,,,,,,
3514,925,1395,1075,,,,,,,,
3807,979,2201,1000,,,,,,,,
5220,919,3153,1006,,,,,,,,
6474,821,5691,978,,,,,,,,
7655,758,7210,870,,,,,,,,
8963,828,9350,798,,,,,,,,
10681,709,11369,764,,,,,,,,
13515,700,12462,827,,,,,,,,
14656,645,14702,764,,,,,,,,
15303,675,16205,692,,,,,,,,
16466,583,17054,605,,,,,,,,
17355,572,17594,576,,,,,,,,
18018,594,17970,605,,,,,,,,
17642,480,17356,523,,,,,,,,
1049,1113,839,1232,,,,,,,,
1106,1135,728,1160,,,,,,,,
1146,1080,898,1152,,,,,,,,
1690,1017,909,1086,,,,,,,,
1992,970,1023,1053,,,,,,,,
2231,897,1259,1006,,,,,,,,
2716,947,1661,1018,,,,,,,,
3030,965,2262,969,,,,,,,,
4135,847,3367,866,,,,,,,,
5506,825,4805,816,,,,,,,,
6372,819,5501,843,,,,,,,,
7706,800,7900,827,,,,,,,,
9646,789,9958,844,,,,,,,,
11434,690,11758,723,,,,,,,,
13323,642,13373,771,,,,,,,,
14079,704,14923,679,,,,,,,,
15615,640,15136,584,,,,,,,,
16327,581,16311,644,,,,,,,,
16741,518,15965,542,,,,,,,,
16015,515,16348,436,,,,,,,,
972,1143,729,1240,,,,,,,,
959,1136,821,1222,,,,,,,,
1179,1069,854,1107,,,,,,,,
1317,1045,963,1070,,,,,,,,
1363,1088,1007,1031,,,,,,,,
2169,1051,960,1035,,,,,,,,
2359,906,1468,1017,,,,,,,,
3013,951,1992,920,,,,,,,,
3556,871,3159,991,,,,,,,,
4923,799,3974,793,,,,,,,,
5562,831,5785,802,,,,,,,,
7305,713,6994,851,,,,,,,,
9113,757,7949,800,,,,,,,,
10332,662,9901,715,,,,,,,,
11793,674,11167,657,,,,,,,,
13623,577,13144,627,,,,,,,,
14330,640,14683,672,,,,,,,,
14768,523,15217,519,,,,,,,,
14319,558,15398,569,,,,,,,,
15514,467,14946,530,,,,,,,,
967,1136,775,1219,,,,,,,,
956,1120,823,1134,,,,,,,,
971,1006,868,1055,,,,,,,,
1384,1063,787,1083,,,,,,,,
1434,1005,949,1101,,,,,,,,
1593,959,1053,1083,,,,,,,,
2081,996,1340,974,,,,,,,,
2352,940,1773,993,,,,,,,,
3179,867,3162,942,,,,,,,,
4335,807,3966,860,,,,,,,,
5516,779,4757,852,,,,,,,,
5950,832,5972,851,,,,,,,,
7181,734,7403,815,,,,,,,,
8760,714,8722,797,,,,,,,,
10334,651,11370,713,,,,,,,,
12019,650,12459,648,,,,,,,,
13485,585,11949,665,,,,,,,,
13993,589,13217,565,,,,,,,,
14112,583,14792,535,,,,,,,,
14572,506,14297,485,,,,,,,,
860,1260,789,1156,,,,,,,,
1000,1039,879,1098,,,,,,,,
894,1160,797,1126,,,,,,,,
1164,1066,745,1094,,,,,,,,
1246,877,903,1002,,,,,,,,
1460,1027,1135,994,,,,,,,,
1831,1001,1320,964,,,,,,,,
2302,929,1621,915,,,,,,,,
3061,824,2901,868,,,,,,,,
3574,860,3332,882,,,,,,,,
4266,798,4026,845,,,,,,,,
5446,813,5678,732,,,,,,,,
6368,742,6253,718,,,,,,,,
7032,731,7867,727,,,,,,,,
9048,694,9661,708,,,,,,,,
10562,634,10071,641,,,,,,,,
11974,622,11519,636,,,,,,,,
12377,610,12429,550,,,,,,,,
13637,558,13353,504,,,,,,,,
13701,518,13751,509,,,,,,,,
88587,137964,42549,42218,,,,,,,,
97534,133810,45148,40914,,,,,,,,
103461,128816,42394,44526,,,,,,,,
107270,121671,43720,43722,,,,,,,,
104883,117950,43935,42223,,,,,,,,
101537,113947,43449,41981,,,,,,,,
98081,107531,43827,44053,,,,,,,,
96607,105366,44948,43438,,,,,,,,
94084,99190,41407,42523,,,,,,,,
90435,93656,41053,42648,,,,,,,,
86308,91261,42676,44131,,,,,,,,
79864,85620,42490,45815,,,,,,,,
77390,81586,42835,45123,,,,,,,,
72066,75855,41870,43672,,,,,,,,
69111,70046,43589,44609,,,,,,,,
63137,65876,43577,42534,,,,,,,,
59034,63594,43303,42718,,,,,,,,
53292,58154,44213,43713,,,,,,,,
50302,50382,44998,42097,,,,,,,,
46430,47167,42967,42357,,,,,,,,
59157,137393,26444,25861,,,,,,,,
73490,133921,26743,27175,,,,,,,,
82702,128044,27206,27249,,,,,,,,
90330,122674,29514,29826,,,,,,,,
92220,115874,31016,29591,,,,,,,,
91242,115024,32797,30578,,,,,,,,
90555,109487,32108,31388,,,,,,,,
89108,106716,32814,32810,,,,,,,,
87628,99847,35223,34620,,,,,,,,
84084,93365,37479,36580,,,,,,,,
81127,90378,40063,39101,,,,,,,,
78135,84966,40355,39351,,,,,,,,
72673,80458,42612,42367,,,,,,,,
69179,75985,44753,43000,,,,,,,,
65919,72357,44245,47072,,,,,,,,
62338,68151,48584,47548,,,,,,,,
56949,60701,46433,47741,,,,,,,,
53449,57659,48121,45062,,,,,,,,
48835,51515,43708,45253,,,,,,,,
44968,46252,41779,41143,,,,,,,,
42894,137887,21720,18743,,,,,,,,
53229,131762,22076,20067,,,,,,,,
65214,125314,23990,20991,,,,,,,,
73176,124016,24534,21916,,,,,,,,
79543,118762,25856,23584,,,,,,,,
83547,115226,29018,24354,,,,,,,,
84184,109080,31021,26554,,,,,,,,
82437,102923,32551,27465,,,,,,,,
81999,99766,34595,31137,,,,,,,,
80129,94447,38959,32379,,,,,,,,
74883,89378,41981,33699,,,,,,,,
74491,85095,45972,38989,,,,,,,,
68796,81043,51640,41794,,,,,,,,
66752,75134,51884,47337,,,,,,,,
64482,70872,54374,48835,,,,,,,,
59866,65730,54402,51141,,,,,,,,
56444,59378,50327,48779,,,,,,,,
50314,54813,48669,48304,,,,,,,,
47138,51802,44854,43851,,,,,,,,
44403,46922,41908,39907,,,,,,,,
31948,136541,16404,15513,,,,,,,,
41214,130332,16929,14824,,,,,,,,
51372,124075,16723,15791,,,,,,,,
60853,122844,18213,16929,,,,,,,,
67748,117813,20191,17105,,,,,,,,
72810,113100,20645,18444,,,,,,,,
76172,108824,23212,21340,,,,,,,,
74521,101206,25896,22755,,,,,,,,
73422,98546,27694,24147,,,,,,,,
76333,91882,32940,28803,,,,,,,,
71435,88785,37287,31836,,,,,,,,
69759,83389,42152,36116,,,,,,,,
67430,80229,46733,44936,,,,,,,,
62542,73883,52889,49758,,,,,,,,
60369,70151,53747,50053,,,,,,,,
58276,65130,52581,51284,,,,,,,,
53071,60081,50339,50559,,,,,,,,
48720,56642,48080,46765,,,,,,,,
45952,53564,43704,45393,,,,,,,,
42257,47540,40497,40027,,,,,,,,
25628,136522,14101,11923,,,,,,,,
33466,129136,13506,11571,,,,,,,,
41612,125396,14264,12243,,,,,,,,
50555,122585,14418,13163,,,,,,,,
60201,118603,16460,14680,,,,,,,,
64222,111597,16815,15141,,,,,,,,
67338,106539,19411,17610,,,,,,,,
67673,104461,23196,18072,,,,,,,,
70968,98862,25276,20899,,,,,,,,
69661,92221,31252,24615,,,,,,,,
68403,88532,39852,27901,,,,,,,,
66973,84521,46883,34941,,,,,,,,
63880,78392,53682,45716,,,,,,,,
62859,74112,54936,49194,,,,,,,,
58791,70223,53088,52150,,,,,,,,
55459,64060,50540,50137,,,,,,,,
51389,60333,50590,49847,,,,,,,,
47410,54666,47290,47261,,,,,,,,
45539,51286,43253,44624,,,,,,,,
41253,46943,39910,38738,,,,,,,,
20889,10385,11024,10510,,,,,,,,
26301,10428,11135,10332,,,,,,,,
34212,10001,10271,10191,,,,,,,,
41680,9828,11257,10118,,,,,,,,
49026,9463,12915,9766,,,,,,,,
57492,9583,13667,9722,,,,,,,,
59810,9364,16472,9263,,,,,,,,
61915,9292,18061,9337,,,,,,,,
63808,8963,22034,8924,,,,,,,,
65418,8734,28786,8796,,,,,,,,
65081,8406,35135,8439,,,,,,,,
62762,8184,42058,8363,,,,,,,,
60761,8142,51165,8133,,,,,,,,
58314,8074,54166,7740,,,,,,,,
56535,7619,52157,7514,,,,,,,,
51512,6984,51697,7186,,,,,,,,
51098,6753,48986,6934,,,,,,,,
46819,6338,45044,6641,,,,,,,,
43613,6128,42042,6126,,,,,,,,
40662,5483,39406,5645,,,,,,,,
17799,10692,8408,1783,,,,,,,,
21429,10388,8678,1577,,,,,,,,
27431,9797,8043,1667,,,,,,,,
31585,10033,8523,1622,,,,,,,,
40221,9894,10243,1546,,,,,,,,
44785,9614,10998,1486,,,,,,,,
53148,9442,12296,1509,,,,,,,,
58217,9214,14975,1308,,,,,,,,
59327,9220,18935,1290,,,,,,,,
61075,8909,26947,1225,,,,,,,,
59125,8789,32999,1273,,,,,,,,
59012,8301,42506,1220,,,,,,,,
59619,7863,48555,1028,,,,,,,,
54940,7769,50768,1087,,,,,,,,
53371,7358,52011,1037,,,,,,,,
50566,7176,49484,1062,,,,,,,,
49167,6874,47140,880,,,,,,,,
45482,6399,42830,880,,,,,,,,
42284,6059,42012,746,,,,,,,,
38725,5626,40194,705,,,,,,,,
13804,10202,7412,1728,,,,,,,,
17394,10154,6386,1640,,,,,,,,
22423,9855,6460,1662,,,,,,,,
27499,9684,8025,1611,,,,,,,,
34749,9628,9107,1595,,,,,,,,
40167,9461,10138,1558,,,,,,,,
47258,9601,12184,1465,,,,,,,,
50786,9277,13862,1502,,,,,,,,
52588,9043,17358,1298,,,,,,,,
55073,8526,24187,1296,,,,,,,,
54940,8405,33531,1193,,,,,,,,
55477,8376,43420,1181,,,,,,,,
54605,7946,50907,1263,,,,,,,,
53817,7590,49350,1014,,,,,,,,
50897,7436,49734,972,,,,,,,,
49379,7294,48118,926,,,,,,,,
46130,6908,45361,817,,,,,,,,
45004,6509,43039,842,,,,,,,,
40157,6014,39792,751,,,,,,,,
37215,5498,36457,713,,,,,,,,
11662,10185,5515,1834,,,,,,,,
15348,10042,5666,1797,,,,,,,,
18110,10113,5524,1715,,,,,,,,
23108,9774,6635,1610,,,,,,,,
29619,9592,8140,1534,,,,,,,,
35633,9489,8768,1489,,,,,,,,
39764,9445,10221,1473,,,,,,,,
46483,9285,12668,1479,,,,,,,,
48459,8682,15008,1375,,,,,,,,
50879,8666,21690,1333,,,,,,,,
51409,8526,29972,1249,,,,,,,,
52592,8151,38009,1155,,,,,,,,
52244,8064,47111,1087,,,,,,,,
50781,7611,48172,1056,,,,,,,,
48405,7389,49471,891,,,,,,,,
45040,7057,45193,908,,,,,,,,
43621,6996,43622,912,,,,,,,,
41141,6198,40446,892,,,,,,,,
40334,6150,39643,740,,,,,,,,
36180,5668,35523,608,,,,,,,,
9408,10237,5164,1666,,,,,,,,
11827,10138,4972,1581,,,,,,,,
15774,10180,4656,1544,,,,,,,,
20511,9832,5552,1566,,,,,,,,
25277,9675,6338,1378,,,,,,,,
29558,9668,7388,1345,,,,,,,,
35731,9416,8685,1298,,,,,,,,
38363,9146,10298,1279,,,,,,,,
44606,8895,12945,1281,,,,,,,,
46299,8690,20180,1171,,,,,,,,
47828,8578,28858,1162,,,,,,,,
48941,8207,41094,1072,,,,,,,,
48023,7946,43528,1026,,,,,,,,
48208,7578,45996,993,,,,,,,,
46260,7543,44910,988,,,,,,,,
44824,6925,44357,870,,,,,,,,
42619,6705,42502,796,,,,,,,,
40062,6192,40589,767,,,,,,,,
38005,5977,36275,769,,,,,,,,
35945,5912,34708,649,,,,,,,,
7910,1671,4508,1530,,,,,,,,
9586,1627,3643,1639,,,,,,,,
12574,1578,3868,1516,,,,,,,,
16544,1501,4374,1476,,,,,,,,
20883,1459,5549,1347,,,,,,,,
26148,1501,7065,1413,,,,,,,,
31265,1295,7598,1250,,,,,,,,
33733,1328,9265,1305,,,,,,,,
39544,1357,12939,1228,,,,,,,,
42588,1228,16832,1150,,,,,,,,
44133,1145,27391,1155,,,,,,,,
46428,1126,37492,1092,,,,,,,,
45799,1135,41902,1020,,,,,,,,
45645,1062,43121,942,,,,,,,,
45041,992,42244,917,,,,,,,,
43624,934,43458,802,,,,,,,,
41418,941,39413,827,,,,,,,,
37293,714,39187,756,,,,,,,,
37190,752,37313,694,,,,,,,,
34729,698,34412,626,,,,,,,,
6604,1665,3246,1519,,,,,,,,
8065,1599,3133,1442,,,,,,,,
11359,1524,3703,1441,,,,,,,,
13331,1474,4547,1445,,,,,,,,
17965,1501,4942,1335,,,,,,,,
22127,1402,5866,1391,,,,,,,,
27466,1360,7046,1269,,,,,,,,
31698,1306,8059,1284,,,,,,,,
35229,1260,10810,1156,,,,,,,,
38296,1237,14595,1201,,,,,,,,
39089,1155,26448,1119,,,,,,,,
42934,1157,32083,1110,,,,,,,,
44509,1147,40531,1004,,,,,,,,
42863,1079,39682,893,,,,,,,,
43072,977,40973,940,,,,,,,,
41191,968,41291,823,,,,,,,,
40168,883,38924,788,,,,,,,,
37184,793,36580,798,,,,,,,,
35924,710,35300,725,,,,,,,,
33142,731,33514,582,,,,,,,,
5595,1585,2967,1578,,,,,,,,
6710,1587,2737,1624,,,,,,,,
9024,1567,2982,1459,,,,,,,,
10910,1526,3557,1446,,,,,,,,
14793,1366,4232,1445,,,,,,,,
19008,1480,4786,1394,,,,,,,,
22112,1332,6229,1222,,,,,,,,
28851,1236,6619,1299,,,,,,,,
30186,1239,9600,1210,,,,,,,,
33569,1245,15439,1243,,,,,,,,
37347,1128,22678,1112,,,,,,,,
37249,1130,31146,1099,,,,,,,,
40683,980,36592,1011,,,,,,,,
40167,1087,38333,971,,,,,,,,
40032,962,38583,901,,,,,,,,
39114,890,39369,847,,,,,,,,
37463,841,37740,810,,,,,,,,
36972,797,35899,765,,,,,,,,
34027,816,33192,661,,,,,,,,
32940,698,33247,635,,,,,,,,
4399,1594,2347,1492,,,,,,,,
5623,1639,2414,1305,,,,,,,,
7484,1639,2697,1315,,,,,,,,
10096,1440,2981,1302,,,,,,,,
12104,1494,3920,1287,,,,,,,,
16361,1417,4050,1216,,,,,,,,
18321,1417,5623,1185,,,,,,,,
24369,1375,6633,1157,,,,,,,,
26254,1254,9126,1041,,,,,,,,
30288,1214,14330,1108,,,,,,,,
32736,1132,21312,1010,,,,,,,,
35195,1103,28570,976,,,,,,,,
36808,1046,34935,890,,,,,,,,
39198,994,36466,917,,,,,,,,
37472,1009,36456,782,,,,,,,,
35954,849,36390,762,,,,,,,,
35758,915,35156,745,,,,,,,,
35822,833,34735,633,,,,,,,,
31821,773,32832,601,,,,,,,,
30383,646,30510,638,,,,,,,,
4202,1594,1839,1375,,,,,,,,
4943,1645,1972,1462,,,,,,,,
6746,1580,2457,1323,,,,,,,,
8890,1495,2691,1343,,,,,,,,
10172,1451,3207,1251,,,,,,,,
13811,1399,3859,1271,,,,,,,,
16523,1379,4604,1206,,,,,,,,
20120,1312,6108,1158,,,,,,,,
24235,1235,7918,1085,,,,,,,,
27880,1254,12935,1046,,,,,,,,
30196,1222,20236,1022,,,,,,,,
33530,1109,27790,942,,,,,,,,
34446,1016,29989,936,,,,,,,,
34887,1041,35537,834,,,,,,,,
34873,944,36302,768,,,,,,,,
35444,885,34793,770,,,,,,,,
35034,858,34105,683,,,,,,,,
33686,770,32000,766,,,,,,,,
31006,788,31142,624,,,,,,,,
30501,664,28561,535,,,,,,,,
3851,1305,1621,1485,,,,,,,,
4321,1241,1690,1356,,,,,,,,
5370,1171,1788,1320,,,,,,,,
7004,1171,2229,1294,,,,,,,,
8949,1239,2455,1232,,,,,,,,
12776,1114,3694,1269,,,,,,,,
13561,1062,3995,1142,,,,,,,,
16226,1043,5608,1098,,,,,,,,
21305,999,8484,1108,,,,,,,,
25030,964,11462,1112,,,,,,,,
28080,969,20582,938,,,,,,,,
28910,888,25946,1009,,,,,,,,
32068,893,30172,889,,,,,,,,
33074,821,31536,847,,,,,,,,
31763,832,33888,767,,,,,,,,
32960,733,32990,773,,,,,,,,
32381,710,32951,791,,,,,,,,
30428,711,31647,608,,,,,,,,
30343,664,29582,596,,,,,,,,
28673,589,28254,588,,,,,,,,
3106,1289,1606,1329,,,,,,,,
3886,1272,1622,1376,,,,,,,,
4908,1232,1828,1237,,,,,,,,
6050,1317,1922,1283,,,,,,,,
7452,1176,2528,1211,,,,,,,,
9124,1198,3191,1131,,,,,,,,
13085,1149,3688,1097,,,,,,,,
15190,1010,5266,1083,,,,,,,,
17793,933,6659,1088,,,,,,,,
21734,982,11781,901,,,,,,,,
23767,912,14061,861,,,,,,,,
26783,865,22994,854,,,,,,,,
28669,851,27084,858,,,,,,,,
31079,766,29820,887,,,,,,,,
32546,724,30651,768,,,,,,,,
31959,745,30985,725,,,,,,,,
30369,688,30740,662,,,,,,,,
29795,671,30510,579,,,,,,,,
30150,555,28545,566,,,,,,,,
27401,479,27556,553,,,,,,,,
2567,1334,1163,1366,,,,,,,,
3348,1220,1506,1357,,,,,,,,
3755,1247,1691,1321,,,,,,,,
5170,1111,1725,1140,,,,,,,,
6687,1181,2011,1197,,,,,,,,
8568,1140,2851,1183,,,,,,,,
10412,1066,3557,1101,,,,,,,,
12539,1070,4737,1064,,,,,,,,
15142,1015,6240,1023,,,,,,,,
19330,1084,10501,995,,,,,,,,
22133,937,16862,945,,,,,,,,
24485,890,21099,882,,,,,,,,
27784,914,26960,768,,,,,,,,
27531,800,27612,845,,,,,,,,
29882,864,27997,757,,,,,,,,
30077,787,29870,787,,,,,,,,
29298,688,29224,727,,,,,,,,
29302,651,29460,675,,,,,,,,
27219,582,27823,562,,,,,,,,
26073,620,26288,602,,,,,,,,
2227,1309,1175,1360,,,,,,,,
3064,1330,1423,1298,,,,,,,,
3849,1312,1490,1298,,,,,,,,
4383,1134,1560,1254,,,,,,,,
5036,1289,2018,1196,,,,,,,,
7053,1174,2541,1165,,,,,,,,
8899,1140,3120,1040,,,,,,,,
10937,1066,4375,913,,,,,,,,
13655,1063,5787,1005,,,,,,,,
16442,986,9380,1013,,,,,,,,
20272,921,13672,978,,,,,,,,
21692,860,18955,905,,,,,,,,
23613,814,22271,956,,,,,,,,
26997,772,25379,794,,,,,,,,
27161,761,26590,757,,,,,,,,
27646,805,26397,727,,,,,,,,
26969,675,27961,723,,,,,,,,
27227,610,26565,658,,,,,,,,
26180,610,26649,609,,,,,,,,
24944,522,24634,557,,,,,,,,
1890,1311,1097,1316,,,,,,,,
2208,1309,1233,1275,,,,,,,,
2998,1233,1203,1286,,,,,,,,
4033,1229,1416,1143,,,,,,,,
4656,1368,1707,1185,,,,,,,,
6922,1093,2151,1136,,,,,,,,
7431,1052,2646,1061,,,,,,,,
9986,1074,3470,1076,,,,,,,,
12496,996,5723,1004,,,,,,,,
14457,966,7988,908,,,,,,,,
16923,935,13969,873,,,,,,,,
19466,864,17912,922,,,,,,,,
21829,829,21723,885,,,,,,,,
24671,757,23590,828,,,,,,,,
25075,755,25511,702,,,,,,,,
25580,743,25156,679,,,,,,,,
26145,640,25281,658,,,,,,,,
25325,576,25086,652,,,,,,,,
25214,628,24265,591,,,,,,,,
22968,549,23475,558,,,,,,,,
1657,1170,1025,1427,,,,,,,,
2030,1164,974,1318,,,,,,,,
2459,1099,1188,1217,,,,,,,,
3163,1039,1367,1247,,,,,,,,
4332,1025,1644,1192,,,,,,,,
5516,1025,2094,1125,,,,,,,,
6585,1047,2473,1038,,,,,,,,
8556,992,3333,993,,,,,,,,
10024,895,4528,1083,,,,,,,,
12999,932,6891,914,,,,,,,,
15654,835,11804,873,,,,,,,,
16912,810,16853,922,,,,,,,,
20095,803,18414,783,,,,,,,,
22088,779,20620,791,,,,,,,,
23326,727,23199,756,,,,,,,,
24463,644,23811,691,,,,,,,,
23976,657,23991,714,,,,,,,,
24323,573,24183,598,,,,,,,,
23053,525,23150,571,,,,,,,,
23721,524,22923,506,,,,,,,,
1521,1182,1101,1325,,,,,,,,
1763,1185,1022,1194,,,,,,,,
2167,1118,1038,1254,,,,,,,,
2744,1095,1205,1225,,,,,,,,
3478,1013,1569,1141,,,,,,,,
4681,1051,1830,1032,,,,,,,,
5701,1057,2123,1126,,,,,,,,
7600,897,3460,1067,,,,,,,,
9440,898,4339,1018,,,,,,,,
10585,837,6843,963,,,,,,,,
13530,835,10768,948,,,,,,,,
15595,847,12642,922,,,,,,,,
18675,856,18163,846,,,,,,,,
20355,727,20115,847,,,,,,,,
21890,623,20952,783,,,,,,,,
22990,649,22966,730,,,,,,,,
23252,666,23054,665,,,,,,,,
23595,611,22443,616,,,,,,,,
22632,522,22032,633,,,,,,,,
21259,488,22822,532,,,,,,,,
1405,1145,865,1329,,,,,,,,
1678,1163,1072,1231,,,,,,,,
1959,1141,969,1252,,,,,,,,
2370,1146,1232,1101,,,,,,,,
3262,1092,1315,1127,,,,,,,,
3938,1056,1603,1251,,,,,,,,
4888,946,1829,1143,,,,,,,,
6388,973,2886,1014,,,,,,,,
7794,894,5458,998,,,,,,,,
9844,862,7143,975,,,,,,,,
11821,850,9140,923,,,,,,,,
13236,786,12732,820,,,,,,,,
16100,778,15428,911,,,,,,,,
17597,728,17218,823,,,,,,,,
19762,726,19436,733,,,,,,,,
21242,726,20687,703,,,,,,,,
21257,612,21466,654,,,,,,,,
22441,594,21146,643,,,,,,,,
21307,536,21698,549,,,,,,,,
21065,493,20830,571,,,,,,,,
1183,1162,874,1286,,,,,,,,
1485,1196,911,1245,,,,,,,,
1617,1094,966,1136,,,,,,,,
1939,1069,1074,1145,,,,,,,,
2702,1074,1167,1087,,,,,,,,
3603,1010,1675,1076,,,,,,,,
4147,999,1858,1118,,,,,,,,
5369,969,2875,957,,,,,,,,
6499,889,3899,971,,,,,,,,
8192,845,5790,875,,,,,,,,
10376,844,8473,901,,,,,,,,
11983,857,12241,867,,,,,,,,
14062,697,13678,718,,,,,,,,
16716,735,16401,768,,,,,,,,
16817,693,17202,803,,,,,,,,
19358,642,18406,696,,,,,,,,
19912,652,20133,642,,,,,,,,
19960,594,21002,578,,,,,,,,
20752,517,19943,541,,,,,,,,
20123,514,19657,536,,,,,,,,
1170,1206,928,1248,,,,,,,,
1359,1191,884,1212,,,,,,,,
1577,1100,980,1244,,,,,,,,
1882,1117,986,1110,,,,,,,,
2262,1094,1160,1044,,,,,,,,
2826,1012,1312,1073,,,,,,,,
3420,928,1875,1091,,,,,,,,
4376,915,2360,972,,,,,,,,
5641,916,4532,1000,,,,,,,,
6926,894,6133,923,,,,,,,,
8497,908,7261,855,,,,,,,,
10636,778,10426,850,,,,,,,,
11973,772,11903,766,,,,,,,,
14609,750,12973,772,,,,,,,,
16856,674,14828,723,,,,,,,,
16922,732,17330,701,,,,,,,,
18210,594,19036,588,,,,,,,,
18723,572,19541,604,,,,,,,,
18689,572,18601,565,,,,,,,,
18709,523,18872,538,,,,,,,,
992,1124,809,1201,,,,,,,,
1174,1071,867,1088,,,,,,,,
1304,1065,893,1154,,,,,,,,
1669,1019,916,1007,,,,,,,,
2001,927,1179,1084,,,,,,,,
2514,1014,1414,1091,,,,,,,,
3102,1006,1904,1019,,,,,,,,
4386,891,2046,1004,,,,,,,,
4977,822,3780,943,,,,,,,,
6084,851,5571,930,,,,,,,,
7252,772,6903,860,,,,,,,,
9435,778,9798,860,,,,,,,,
10920,723,9968,773,,,,,,,,
13594,740,13099,709,,,,,,,,
14855,680,13890,715,,,,,,,,
15083,644,15032,734,,,,,,,,
17448,618,17362,683,,,,,,,,
17666,603,17756,582,,,,,,,,
17790,502,17441,615,,,,,,,,
17873,498,17202,503,,,,,,,,
906,1249,798,1187,,,,,,,,
1060,1125,835,1227,,,,,,,,
1308,1071,857,1088,,,,,,,,
1419,1003,923,1104,,,,,,,,
1586,1039,948,1066,,,,,,,,
2054,1058,1149,991,,,,,,,,
3060,977,1518,986,,,,,,,,
3573,842,1924,945,,,,,,,,
4203,821,2990,933,,,,,,,,
5752,806,5008,866,,,,,,,,
6964,798,6589,865,,,,,,,,
8814,770,8196,860,,,,,,,,
10070,743,9503,733,,,,,,,,
11884,719,11169,739,,,,,,,,
13270,754,12519,701,,,,,,,,
15328,633,13978,683,,,,,,,,
15241,592,15666,561,,,,,,,,
16350,623,16507,604,,,,,,,,
16523,517,17362,549,,,,,,,,
17007,441,16465,537,,,,,,,,
871,1165,855,1173,,,,,,,,
930,1130,830,1193,,,,,,,,
1331,1048,746,1057,,,,,,,,
1333,1007,917,1064,,,,,,,,
1607,1026,870,1072,,,,,,,,
1897,1071,1215,1060,,,,,,,,
2228,886,1363,1016,,,,,,,,
3227,884,2047,992,,,,,,,,
3564,833,3048,964,,,,,,,,
4599,844,4351,910,,,,,,,,
5990,738,5879,826,,,,,,,,
7237,714,6978,811,,,,,,,,
8838,797,8206,707,,,,,,,,
10536,679,9469,724,,,,,,,,
12297,706,11666,653,,,,,,,,
12743,636,13276,641,,,,,,,,
14621,604,14627,575,,,,,,,,
15156,544,15364,585,,,,,,,,
15553,473,15651,540,,,,,,,,
15287,445,15883,493,,,,,,,,
851,1175,771,1176,,,,,,,,
811,1105,724,1075,,,,,,,,
1091,1084,878,1191,,,,,,,,
1183,1030,907,1097,,,,,,,,
1521,1064,978,1072,,,,,,,,
1517,1017,978,986,,,,,,,,
2312,949,1558,980,,,,,,,,
2524,925,2058,933,,,,,,,,
3374,820,2703,926,,,,,,,,
3914,857,3475,929,,,,,,,,
5252,820,5067,865,,,,,,,,
5760,782,6036,848,,,,,,,,
7749,737,7790,790,,,,,,,,
9310,730,9246,727,,,,,,,,
10551,637,10717,639,,,,,,,,
11359,643,11497,670,,,,,,,,
12868,581,12205,679,,,,,,,,
13986,562,14186,554,,,,,,,,
14232,515,14133,522,,,,,,,,
15099,508,14595,496,,,,,,,,
873,1192,755,1295,,,,,,,,
891,1148,817,1147,,,,,,,,
890,995,725,1067,,,,,,,,
1196,1071,745,1093,,,,,,,,
1237,1044,921,1021,,,,,,,,
1409,919,1133,1028,,,,,,,,
1865,951,1450,931,,,,,,,,
2275,908,1943,985,,,,,,,,
3074,875,2137,971,,,,,,,,
3711,830,3527,779,,,,,,,,
4495,861,4216,831,,,,,,,,
6024,819,4891,814,,,,,,,,
6626,710,7156,718,,,,,,,,
7956,766,8198,791,,,,,,,,
8844,689,9472,698,,,,,,,,
10791,665,10876,719,,,,,,,,
11225,647,12195,566,,,,,,,,
12185,648,12267,559,,,,,,,,
12934,521,13503,492,,,,,,,,
13364,489,13785,501,,,,,,,,
86125,139357,43383,40612,,,,,,,,
94299,133931,43137,43545,,,,,,,,
101846,129174,43457,43713,,,,,,,,
105575,123990,46718,42523,,,,,,,,
103728,118942,43647,41983,,,,,,,,
103489,113626,42452,41868,,,,,,,,
98734,107035,43393,43622,,,,,,,,
97448,103692,43176,42310,,,,,,,,
92832,99209,46302,43011,,,,,,,,
89418,96263,44655,43394,,,,,,,,
86578,91152,43912,43585,,,,,,,,
81558,85676,44169,43815,,,,,,,,
77068,81649,44378,41063,,,,,,,,
73826,77346,43894,44985,,,,,,,,
68188,73501,42920,43970,,,,,,,,
63991,69353,43511,41922,,,,,,,,
58494,61725,42960,44604,,,,,,,,
53629,56518,47015,43294,,,,,,,,
50566,51452,44213,41215,,,,,,,,
44817,47793,41368,43396,,,,,,,,
60285,135429,25652,26248,,,,,,,,
73951,131755,27286,27211,,,,,,,,
81854,129838,28822,27036,,,,,,,,
88777,122388,30310,29136,,,,,,,,
90577,119694,30040,29918,,,,,,,,
93506,114691,31557,31164,,,,,,,,
92542,108965,31299,33043,,,,,,,,
87973,102322,33792,34215,,,,,,,,
86094,100458,36278,35195,,,,,,,,
84417,94763,37040,36919,,,,,,,,
78717,89539,38304,39980,,,,,,,,
77851,86833,38403,42668,,,,,,,,
71927,82120,44042,42404,,,,,,,,
69595,72650,42194,42195,,,,,,,,
65772,71988,46958,47455,,,,,,,,
61676,65312,45226,49062,,,,,,,,
58360,62430,49786,46578,,,,,,,,
53067,58077,47937,46506,,,,,,,,
49360,52251,43717,44276,,,,,,,,
44870,47229,41354,40977,,,,,,,,
43136,138848,20272,19763,,,,,,,,
54181,130235,21307,19664,,,,,,,,
63379,125607,22264,20105,,,,,,,,
75015,124130,24923,22194,,,,,,,,
80390,118896,26597,22556,,,,,,,,
83968,111968,27347,24552,,,,,,,,
83139,108411,30591,26131,,,,,,,,
80296,101473,32352,28647,,,,,,,,
80188,99468,35535,29999,,,,,,,,
80746,96023,39408,31955,,,,,,,,
77095,89890,41860,37138,,,,,,,,
73438,84569,44508,37964,,,,,,,,
70225,81037,49918,42154,,,,,,,,
66342,75633,56459,47095,,,,,,,,
64492,68771,55255,48183,,,,,,,,
58863,67047,54315,50339,,,,,,,,
55504,60178,50443,49414,,,,,,,,
52766,56498,48462,47580,,,,,,,,
49054,52765,46372,42575,,,,,,,,
42836,47171,39846,41030,,,,,,,,
31726,138274,16731,15039,,,,,,,,
41423,133288,17461,15269,,,,,,,,
51485,125398,17220,16164,,,,,,,,
63182,120952,18717,17493,,,,,,,,
69185,118392,19605,17916,,,,,,,,
72945,113297,20960,19471,,,,,,,,
74142,107612,23348,20148,,,,,,,,
75831,104004,26217,23405,,,,,,,,
74826,96575,29366,26051,,,,,,,,
73618,92690,31445,27854,,,,,,,,
73423,88855,33891,33652,,,,,,,,
69463,85360,43892,36534,,,,,,,,
67624,78825,50065,43736,,,,,,,,
64581,76340,54548,50636,,,,,,,,
59537,68836,54037,52160,,,,,,,,
55137,65182,52465,52388,,,,,,,,
53509,62678,50611,50676,,,,,,,,
51399,57475,47241,46140,,,,,,,,
47169,52518,45463,43138,,,,,,,,
42767,46724,41041,40058,,,,,,,,
26519,134988,14152,11882,,,,,,,,
32660,130702,13889,11565,,,,,,,,
39158,126792,14051,12388,,,,,,,,
50205,123239,15099,13319,,,,,,,,
57422,115072,15413,13774,,,,,,,,
64923,114661,16989,15729,,,,,,,,
67995,106362,20311,17519,,,,,,,,
68189,101745,23337,19500,,,,,,,,
70179,99149,25622,21026,,,,,,,,
69849,94630,30465,25904,,,,,,,,
70141,89704,39175,30063,,,,,,,,
67372,83880,47626,34881,,,,,,,,
65012,78660,54674,44359,,,,,,,,
60145,74381,55008,50356,,,,,,,,
57418,70706,55122,51947,,,,,,,,
54827,66274,52390,52434,,,,,,,,
51056,60558,50692,49196,,,,,,,,
48227,56927,47221,46987,,,,,,,,
44763,52300,44028,43599,,,,,,,,
41509,47823,39921,39685,,,,,,,,
20655,10301,11532,10593,,,,,,,,
26545,10216,10642,10337,,,,,,,,
34011,9937,10844,10416,,,,,,,,
42484,9771,11835,10035,,,,,,,,
49249,9924,12586,9917,,,,,,,,
56207,9529,13875,9826,,,,,,,,
62234,9394,15278,9677,,,,,,,,
63400,8899,17399,9036,,,,,,,,
63358,9102,21747,9162,,,,,,,,
64668,9026,28430,8977,,,,,,,,
63959,8592,35961,8562,,,,,,,,
64006,8456,40645,8169,,,,,,,,
60148,7994,48808,7933,,,,,,,,
58719,7728,53261,7577,,,,,,,,
55315,7552,52755,7701,,,,,,,,
53487,7199,50381,7114,,,,,,,,
49781,6992,46599,6826,,,,,,,,
46465,6469,46161,6453,,,,,,,,
43344,6214,42501,6103,,,,,,,,
40697,5588,38796,5716,,,,,,,,
16477,10248,9119,1807,,,,,,,,
21096,10340,8287,1743,,,,,,,,
28481,10054,8247,1644,,,,,,,,
34276,10032,8928,1585,,,,,,,,
40896,9834,10232,1570,,,,,,,,
45033,9716,11676,1451,,,,,,,,
55354,9657,13481,1400,,,,,,,,
56808,8970,14733,1375,,,,,,,,
58911,8964,18218,1333,,,,,,,,
60171,8989,23928,1224,,,,,,,,
59090,8359,33390,1357,,,,,,,,
59673,8292,40989,1088,,,,,,,,
58143,7964,49490,1147,,,,,,,,
56010,7635,50681,1062,,,,,,,,
53985,7475,51243,1099,,,,,,,,
51557,7103,50137,905,,,,,,,,
47837,6809,45222,906,,,,,,,,
44729,6430,44514,850,,,,,,,,
43757,6081,40907,771,,,,,,,,
39117,5671,37332,742,,,,,,,,
13712,10164,7187,1743,,,,,,,,
16597,10023,6779,1704,,,,,,,,
23317,10067,6914,1749,,,,,,,,
29318,9914,7949,1573,,,,,,,,
33451,9772,8487,1568,,,,,,,,
38948,9371,10259,1515,,,,,,,,
46746,9460,10828,1498,,,,,,,,
50926,9259,13200,1409,,,,,,,,
55123,8869,18008,1262,,,,,,,,
53451,8410,22830,1212,,,,,,,,
56043,8359,33411,1306,,,,,,,,
54497,8254,41890,1140,,,,,,,,
55081,8209,48964,1201,,,,,,,,
52901,7715,49956,987,,,,,,,,
51002,7475,48292,901,,,,,,,,
49460,7204,48595,975,,,,,,,,
46009,6579,45576,959,,,,,,,,
44327,6284,43475,820,,,,,,,,
39943,5847,39297,724,,,,,,,,
37088,5679,37520,712,,,,,,,,
11536,10040,6450,1712,,,,,,,,
14243,10179,5595,1599,,,,,,,,
19910,9912,5510,1681,,,,,,,,
23940,9932,6240,1660,,,,,,,,
28590,9690,6790,1570,,,,,,,,
34267,9433,8975,1562,,,,,,,,
40853,9270,9961,1399,,,,,,,,
44755,9291,11549,1403,,,,,,,,
46884,8797,14891,1377,,,,,,,,
51223,8789,19253,1327,,,,,,,,
52494,8612,27492,1242,,,,,,,,
51061,8138,43402,1204,,,,,,,,
51564,8153,45504,1003,,,,,,,,
50035,7756,48065,1065,,,,,,,,
49378,7352,46813,1011,,,,,,,,
47978,7001,46577,1031,,,,,,,,
44904,6572,44620,872,,,,,,,,
42576,6285,41472,887,,,,,,,,
40491,5933,38331,748,,,,,,,,
35495,5386,35342,768,,,,,,,,
9452,10246,5182,1626,,,,,,,,
12170,10253,4490,1544,,,,,,,,
15357,9812,4271,1566,,,,,,,,
19149,9865,5622,1503,,,,,,,,
24257,9751,5623,1434,,,,,,,,
29204,9621,8053,1353,,,,,,,,
34853,9305,8565,1353,,,,,,,,
37728,9293,10316,1276,,,,,,,,
42885,8882,13527,1197,,,,,,,,
46901,8878,17575,1211,,,,,,,,
48326,8547,28577,1124,,,,,,,,
50246,8271,38577,1097,,,,,,,,
47954,8015,45221,1068,,,,,,,,
48558,7677,46915,1001,,,,,,,,
45632,7283,44303,854,,,,,,,,
44517,6917,43092,804,,,,,,,,
42881,6787,42751,760,,,,,,,,
40848,6325,40178,765,,,,,,,,
39341,6016,37867,689,,,,,,,,
34580,5783,34876,664,,,,,,,,
7636,1625,4085,1732,,,,,,,,
10311,1730,3446,1444,,,,,,,,
12485,1544,3641,1603,,,,,,,,
15698,1581,4306,1468,,,,,,,,
21014,1414,5064,1558,,,,,,,,
25148,1398,6466,1454,,,,,,,,
30712,1343,7358,1331,,,,,,,,
34278,1362,9582,1258,,,,,,,,
38682,1238,12337,1222,,,,,,,,
45027,1211,16135,1127,,,,,,,,
44768,1227,29412,1181,,,,,,,,
46185,1145,34454,1069,,,,,,,,
46346,1136,40211,968,,,,,,,,
46656,970,43562,1048,,,,,,,,
44502,1005,43678,908,,,,,,,,
43270,864,42091,900,,,,,,,,
40795,851,40449,751,,,,,,,,
39692,792,38128,750,,,,,,,,
36816,692,36542,722,,,,,,,,
33216,657,33606,683,,,,,,,,
6673,1503,3565,1535,,,,,,,,
8584,1638,3034,1626,,,,,,,,
10153,1519,3434,1441,,,,,,,,
13772,1401,4385,1462,,,,,,,,
16710,1490,4601,1384,,,,,,,,
21009,1479,5995,1343,,,,,,,,
26171,1268,6748,1272,,,,,,,,
30025,1266,8759,1280,,,,,,,,
34375,1289,11101,1227,,,,,,,,
37571,1204,15711,1154,,,,,,,,
41612,1166,22299,1138,,,,,,,,
42055,1074,35819,1109,,,,,,,,
42728,1059,39177,1014,,,,,,,,
42533,1029,40477,958,,,,,,,,
41229,949,42869,878,,,,,,,,
40093,942,39184,872,,,,,,,,
39106,800,38357,826,,,,,,,,
38547,812,37873,786,,,,,,,,
34842,746,35608,721,,,,,,,,
32195,681,31640,736,,,,,,,,
5766,1722,2926,1571,,,,,,,,
6757,1594,2414,1530,,,,,,,,
8741,1595,2969,1498,,,,,,,,
12748,1545,3393,1530,,,,,,,,
14579,1425,4167,1302,,,,,,,,
18675,1333,5047,1380,,,,,,,,
21176,1354,5718,1277,,,,,,,,
26005,1370,7812,1282,,,,,,,,
31114,1196,10745,1259,,,,,,,,
33039,1240,15405,1165,,,,,,,,
36874,1108,22676,1072,,,,,,,,
38801,1104,31228,1064,,,,,,,,
39584,1078,35147,1049,,,,,,,,
39216,931,38878,945,,,,,,,,
39822,913,38910,936,,,,,,,,
37184,930,36975,836,,,,,,,,
37436,913,38324,808,,,,,,,,
36153,868,37575,785,,,,,,,,
32832,741,33487,684,,,,,,,,
30497,726,30914,649,,,,,,,,
4973,1602,2369,1431,,,,,,,,
5976,1515,2088,1409,,,,,,,,
7187,1462,2650,1329,,,,,,,,
9984,1499,2877,1335,,,,,,,,
12287,1593,3601,1185,,,,,,,,
15907,1419,4494,1161,,,,,,,,
19716,1313,5507,1116,,,,,,,,
22426,1318,6475,1076,,,,,,,,
26331,1225,8020,1107,,,,,,,,
29819,1202,12307,1053,,,,,,,,
33038,1146,20352,1057,,,,,,,,
35935,1158,28531,982,,,,,,,,
36138,999,33200,928,,,,,,,,
37368,1049,36018,829,,,,,,,,
38037,948,36440,747,,,,,,,,
37562,896,36437,703,,,,,,,,
35691,862,35116,744,,,,,,,,
35290,822,34082,687,,,,,,,,
32440,742,33637,675,,,,,,,,
30884,673,30660,593,,,,,,,,
4084,1664,1767,1494,,,,,,,,
5296,1530,2000,1404,,,,,,,,
6732,1568,2355,1299,,,,,,,,
8532,1520,2311,1228,,,,,,,,
11080,1433,3061,1170,,,,,,,,
13101,1370,3967,1196,,,,,,,,
17416,1421,4660,1171,,,,,,,,
19660,1270,5979,1209,,,,,,,,
23972,1279,10283,1063,,,,,,,,
25974,1272,12205,1032,,,,,,,,
31067,1209,20444,1022,,,,,,,,
33250,1117,26283,950,,,,,,,,
35287,1023,31639,960,,,,,,,,
35544,1053,34304,817,,,,,,,,
36965,947,35329,799,,,,,,,,
34886,919,35067,786,,,,,,,,
34705,843,34479,714,,,,,,,,
33085,810,32476,726,,,,,,,,
31952,714,30912,591,,,,,,,,
29883,687,29508,616,,,,,,,,
3681,1248,1794,1468,,,,,,,,
4272,1199,1917,1433,,,,,,,,
5227,1223,2065,1317,,,,,,,,
7342,1238,2209,1244,,,,,,,,
9464,1154,2594,1211,,,,,,,,
11543,1181,3263,1265,,,,,,,,
15003,1060,4199,1112,,,,,,,,
17292,1066,5176,1118,,,,,,,,
21211,1047,6657,988,,,,,,,,
23100,988,12451,1047,,,,,,,,
26736,882,18930,1012,,,,,,,,
29567,877,23294,968,,,,,,,,
31241,850,28434,881,,,,,,,,
32745,835,31762,838,,,,,,,,
33410,761,32875,851,,,,,,,,
33496,714,32644,700,,,,,,,,
33484,694,31589,796,,,,,,,,
31518,630,31381,643,,,,,,,,
30621,585,28451,631,,,,,,,,
27980,547,29440,616,,,,,,,,
2898,1264,1522,1369,,,,,,,,
3527,1267,1640,1310,,,,,,,,
5020,1192,1537,1220,,,,,,,,
6119,1283,1970,1258,,,,,,,,
8108,1244,2548,1089,,,,,,,,
9166,1136,3141,1101,,,,,,,,
12822,1137,4210,1080,,,,,,,,
14600,1075,4793,1081,,,,,,,,
17467,1073,6227,1048,,,,,,,,
22265,917,11298,927,,,,,,,,
24987,922,17867,933,,,,,,,,
28001,860,22559,836,,,,,,,,
29122,867,26187,908,,,,,,,,
29330,820,29787,871,,,,,,,,
30468,842,29841,800,,,,,,,,
30714,713,31330,777,,,,,,,,
30158,667,31187,736,,,,,,,,
29636,646,30945,617,,,,,,,,
28645,572,29491,658,,,,,,,,
26050,567,27158,583,,,,,,,,
2538,1340,1378,1287,,,,,,,,
3057,1296,1560,1248,,,,,,,,
4329,1157,1440,1285,,,,,,,,
5058,1167,1968,1281,,,,,,,,
6832,1138,2221,1146,,,,,,,,
8474,1118,2552,1198,,,,,,,,
10451,1098,3103,1088,,,,,,,,
12932,1074,4280,1021,,,,,,,,
15760,1042,6489,987,,,,,,,,
19613,933,10373,956,,,,,,,,
22430,928,14967,912,,,,,,,,
23009,862,20003,968,,,,,,,,
27506,884,25306,890,,,,,,,,
28089,753,27892,885,,,,,,,,
28459,752,30222,775,,,,,,,,
28905,763,30347,759,,,,,,,,
29122,724,29548,679,,,,,,,,
28220,643,28562,618,,,,,,,,
26292,659,27447,572,,,,,,,,
26390,624,25442,523,,,,,,,,
2159,1326,1107,1376,,,,,,,,
2992,1217,1102,1351,,,,,,,,
3476,1240,1347,1288,,,,,,,,
4686,1251,1646,1169,,,,,,,,
5431,1079,1885,1185,,,,,,,,
6886,1131,2028,1156,,,,,,,,
9133,1106,3030,1083,,,,,,,,
11054,1023,4040,1026,,,,,,,,
14693,1016,5505,1033,,,,,,,,
17314,959,8653,1083,,,,,,,,
18874,964,13593,985,,,,,,,,
21914,877,19644,863,,,,,,,,
24472,890,22619,819,,,,,,,,
25650,848,24188,749,,,,,,,,
28313,781,26185,870,,,,,,,,
27633,757,26969,682,,,,,,,,
27770,750,27301,743,,,,,,,,
27132,674,27121,629,,,,,,,,
26164,637,26452,679,,,,,,,,
25174,558,26183,531,,,,,,,,
1897,1318,1140,1387,,,,,,,,
2354,1352,1204,1235,,,,,,,,
3230,1270,1302,1313,,,,,,,,
3907,1208,1381,1256,,,,,,,,
4704,1094,1556,1065,,,,,,,,
6307,1165,2326,1112,,,,,,,,
8339,1118,2890,1078,,,,,,,,
9863,969,3421,1063,,,,,,,,
11594,965,5330,1013,,,,,,,,
13825,1014,9382,892,,,,,,,,
16513,915,12403,977,,,,,,,,
19510,875,16119,910,,,,,,,,
21494,881,19995,827,,,,,,,,
24202,812,23477,818,,,,,,,,
24664,814,24631,740,,,,,,,,
26436,644,25793,705,,,,,,,,
25741,681,26115,711,,,,,,,,
26294,601,25288,661,,,,,,,,
25204,624,25191,549,,,,,,,,
24013,504,23763,527,,,,,,,,
1882,1235,1081,1346,,,,,,,,
2063,1137,1116,1287,,,,,,,,
2622,1120,1284,1233,,,,,,,,
3332,1176,1385,1139,,,,,,,,
3746,1085,1482,1202,,,,,,,,
5255,1078,2154,1078,,,,,,,,
6393,1018,2485,1037,,,,,,,,
8119,959,3396,1069,,,,,,,,
10269,897,4432,938,,,,,,,,
12799,900,7748,935,,,,,,,,
14752,829,12481,897,,,,,,,,
17972,813,15662,854,,,,,,,,
18692,832,19575,808,,,,,,,,
22069,777,22011,799,,,,,,,,
22629,660,23610,766,,,,,,,,
23525,632,24757,713,,,,,,,,
24834,642,24304,688,,,,,,,,
24995,591,24566,635,,,,,,,,
23804,557,23759,528,,,,,,,,
23285,522,23366,510,,,,,,,,
1508,1191,979,1351,,,,,,,,
2075,1197,954,1194,,,,,,,,
2296,1103,1101,1229,,,,,,,,
2919,1061,1253,1218,,,,,,,,
3764,1119,1667,1211,,,,,,,,
4538,1054,2058,1093,,,,,,,,
5566,971,2135,1102,,,,,,,,
6641,963,3213,1047,,,,,,,,
8868,871,4348,1041,,,,,,,,
11326,892,6814,969,,,,,,,,
13070,918,11099,886,,,,,,,,
14995,802,14619,831,,,,,,,,
17576,794,16396,831,,,,,,,,
19986,708,19293,753,,,,,,,,
22224,676,22180,716,,,,,,,,
22555,650,21627,690,,,,,,,,
23004,634,22545,707,,,,,,,,
23026,598,23100,594,,,,,,,,
22933,505,22480,640,,,,,,,,
21117,542,20990,553,,,,,,,,
1303,1204,959,1296,,,,,,,,
1594,1088,958,1210,,,,,,,,
2084,1132,1059,1256,,,,,,,,
2524,1075,1159,1149,,,,,,,,
3051,1010,1124,1183,,,,,,,,
4076,925,1524,1089,,,,,,,,
4544,1021,2310,1068,,,,,,,,
6201,1023,2550,1016,,,,,,,,
7339,885,4587,974,,,,,,,,
9304,906,7021,893,,,,,,,,
11817,877,9820,974,,,,,,,,
13435,778,14353,868,,,,,,,,
15936,688,15315,883,,,,,,,,
18988,677,17448,835,,,,,,,,
19296,669,19648,692,,,,,,,,
20985,698,20931,712,,,,,,,,
20566,646,20416,676,,,,,,,,
21152,658,21929,620,,,,,,,,
21447,542,20773,595,,,,,,,,
20745,501,21334,477,,,,,,,,
1142,1154,914,1234,,,,,,,,
1598,1097,910,1213,,,,,,,,
1602,1114,964,1188,,,,,,,,
2101,1042,1149,1199,,,,,,,,
2465,1014,1172,1176,,,,,,,,
3424,1028,1686,1152,,,,,,,,
4217,912,1821,1011,,,,,,,,
5574,889,2576,940,,,,,,,,
7040,939,3767,877,,,,,,,,
8299,841,6461,893,,,,,,,,
10195,871,8258,874,,,,,,,,
12023,850,11067,822,,,,,,,,
14058,832,14214,849,,,,,,,,
16277,761,15886,726,,,,,,,,
18286,706,17340,716,,,,,,,,
19402,647,18014,699,,,,,,,,
20680,642,20057,635,,,,,,,,
20242,518,20152,605,,,,,,,,
20565,552,19948,599,,,,,,,,
19573,468,19694,499,,,,,,,,
1117,1245,894,1280,,,,,,,,
1253,1173,903,1229,,,,,,,,
1550,1082,934,1150,,,,,,,,
1796,1145,969,1199,,,,,,,,
2492,953,1147,1144,,,,,,,,
3444,998,1327,1055,,,,,,,,
3742,979,1613,1075,,,,,,,,
4308,945,2532,936,,,,,,,,
5706,931,3935,991,,,,,,,,
7056,910,5991,942,,,,,,,,
9140,823,7796,832,,,,,,,,
10648,711,10108,837,,,,,,,,
12316,718,13379,769,,,,,,,,
14552,789,13642,660,,,,,,,,
16177,657,15957,712,,,,,,,,
16950,638,16923,696,,,,,,,,
18861,636,17513,629,,,,,,,,
18963,570,18869,638,,,,,,,,
19697,550,19404,548,,,,,,,,
18591,504,18860,511,,,,,,,,
1022,1175,803,1263,,,,,,,,
1147,1157,851,1253,,,,,,,,
1315,1140,903,1158,,,,,,,,
1820,1127,938,1201,,,,,,,,
2121,919,1086,1087,,,,,,,,
2679,941,1340,1145,,,,,,,,
3017,930,1970,1097,,,,,,,,
3941,928,2577,926,,,,,,,,
5027,916,3753,1017,,,,,,,,
5958,882,4940,949,,,,,,,,
7764,797,7098,937,,,,,,,,
10077,785,8848,857,,,,,,,,
11590,769,10334,734,,,,,,,,
13182,667,12744,802,,,,,,,,
14235,635,14074,712,,,,,,,,
16401,590,15646,757,,,,,,,,
17075,638,16670,625,,,,,,,,
17038,610,17444,584,,,,,,,,
17570,546,17473,532,,,,,,,,
18043,550,16864,556,,,,,,,,
957,1201,814,1182,,,,,,,,
1024,1049,824,1113,,,,,,,,
1356,1018,900,1133,,,,,,,,
1375,1085,963,1097,,,,,,,,
1584,994,1165,1058,,,,,,,,
2227,982,1094,1053,,,,,,,,
2890,958,1638,950,,,,,,,,
3300,883,2356,958,,,,,,,,
4968,824,3162,861,,,,,,,,
5034,794,4722,935,,,,,,,,
6811,754,6200,853,,,,,,,,
8079,716,8366,752,,,,,,,,
9093,688,9265,808,,,,,,,,
11771,734,11673,767,,,,,,,,
13355,676,13094,679,,,,,,,,
14108,641,14353,662,,,,,,,,
15848,603,15001,641,,,,,,,,
16328,554,16437,614,,,,,,,,
16434,519,17460,586,,,,,,,,
16511,501,16790,503,,,,,,,,
931,1073,835,1292,,,,,,,,
957,1165,776,1124,,,,,,,,
1126,993,858,1040,,,,,,,,
1227,998,841,1153,,,,,,,,
1581,958,988,1019,,,,,,,,
2047,934,1132,950,,,,,,,,
2289,949,1765,989,,,,,,,,
3031,968,2105,1054,,,,,,,,
3747,902,2965,912,,,,,,,,
4595,819,4528,863,,,,,,,,
5672,790,5301,828,,,,,,,,
7017,788,7075,834,,,,,,,,
8626,704,8819,789,,,,,,,,
10385,694,9879,828,,,,,,,,
11077,624,12281,727,,,,,,,,
13474,697,12555,646,,,,,,,,
14444,595,14426,536,,,,,,,,
15075,576,15240,587,,,,,,,,
15106,595,15573,524,,,,,,,,
15492,500,14900,459,,,,,,,,
942,1170,816,1233,,,,,,,,
920,1156,750,1156,,,,,,,,
1040,1159,738,1125,,,,,,,,
1232,1046,861,1026,,,,,,,,
1314,1013,966,980,,,,,,,,
1632,1014,1147,1066,,,,,,,,
1951,901,1327,1014,,,,,,,,
2534,969,1687,1001,,,,,,,,
3707,920,3105,928,,,,,,,,
3613,865,3641,916,,,,,,,,
5424,790,4795,871,,,,,,,,
6100,789,5849,766,,,,,,,,
7727,771,8008,734,,,,,,,,
8883,639,8105,769,,,,,,,,
10109,634,11272,679,,,,,,,,
11899,609,11834,600,,,,,,,,
12835,527,13175,549,,,,,,,,
13682,569,13857,572,,,,,,,,
14616,562,14794,554,,,,,,,,
15016,535,14464,484,,,,,,,,
809,1159,665,1220,,,,,,,,
903,1012,732,1194,,,,,,,,
930,1122,736,1179,,,,,,,,
1005,1115,906,1073,,,,,,,,
1217,1063,841,961,,,,,,,,
1417,885,980,972,,,,,,,,
1897,1026,1333,1060,,,,,,,,
2151,952,1659,914,,,,,,,,
2976,844,2516,934,,,,,,,,
3588,840,3393,835,,,,,,,,
4353,761,4010,815,,,,,,,,
5995,745,5284,826,,,,,,,,
6728,747,6283,692,,,,,,,,
7755,689,7907,702,,,,,,,,
8947,704,8895,648,,,,,,,,
10417,654,10338,687,,,,,,,,
10793,605,12050,599,,,,,,,,
13366,570,12884,540,,,,,,,,
13576,577,12804,477,,,,,,,,
13419,481,13289,504,,,,,,,,
