throughput-org,throughput-psv,throughout-actv-new,throughput-opt
46839,937,95308,96601
47017,872,96393,95557
46165,900,96475,96420
48284,892,95453,96208
44162,882,96001,97293
46275,868,96627,96709
44484,913,96407,97654
45078,888,96062,96104
47138,893,96456,97087
43354,881,95422,97258
46006,905,96529,97264
44420,865,94122,96897
44104,918,96198,97318
45623,904,96236,96295
43384,897,95857,97444
47213,887,95430,96665
45107,898,95530,96352
44828,914,96583,96690
44960,852,96943,96520
46941,872,96390,97786
72882,1676,124342,123105
73622,1689,123805,123995
73387,1699,124324,124079
74824,1714,123667,124010
76158,1649,124238,123254
73004,1675,121947,122599
73785,1687,123729,124196
71332,1709,124689,122977
73722,1656,123924,125238
72488,1719,124259,124361
76109,1712,123099,124252
72965,1659,123309,123702
73691,1676,123209,122729
75576,1676,124298,123430
73566,1657,122409,122562
73173,1704,124119,123684
76468,1694,123642,122901
75137,1683,122584,123726
72804,1700,123791,123076
74148,1726,123089,123734
95212,2509,136124,137403
93807,2504,134604,137493
96134,2561,135888,137693
97285,2512,134093,137852
95185,2512,135422,138041
95944,2491,135622,138281
94032,2483,135023,136218
97619,2535,136141,136289
94159,2514,134329,136920
95059,2491,135982,137455
95055,2469,134597,137410
92651,2541,135164,137415
96233,2496,135806,137021
95743,2507,134630,136394
93766,2498,135290,137483
93643,2487,134107,138492
93775,2467,134285,137429
93513,2469,135222,136809
95360,2475,134115,137950
95080,2497,134701,136680
109029,3316,143120,146919
108960,3277,143297,145810
110519,3284,143904,144874
111563,3335,144040,145647
111861,3234,143798,144962
110742,3275,144007,144875
111535,3291,144773,146738
110089,3243,145316,145844
110603,3295,144885,144674
110051,3264,143976,145203
107152,3333,143771,144799
107867,3268,143680,145775
110126,3305,143477,144518
109639,3305,143364,145219
110659,3319,144983,145949
106982,3239,144362,145517
108925,3276,144235,144561
108418,3269,143615,144529
109315,3325,144614,145197
110656,3219,143991,145809
120554,3988,149853,151512
122578,3995,149486,151512
121048,3913,149039,152024
120871,3936,148468,151797
121145,4011,148882,151063
121831,3891,148784,151691
124582,3912,149077,150849
124581,3923,149192,151220
121631,3969,148307,150352
122027,3992,148881,151292
121439,3893,149453,151660
123408,3943,148802,151065
121912,3930,149386,150590
119305,4003,149201,150397
122443,3955,147733,150531
123097,4001,149624,150415
122132,3931,148431,151140
122236,3937,150102,152571
121216,3946,149094,150797
122341,3948,148742,152168
127901,156257,152693,156603
131957,157346,153961,156107
131696,157143,154116,156356
129658,156635,153153,156806
129184,156423,153677,156960
130751,157528,152898,156672
130809,157052,154058,157326
131698,156483,154318,155869
132464,156075,153970,157303
131481,157294,152797,156273
133017,155840,153329,155694
129671,157248,152845,155718
130311,156716,154410,156499
129071,156255,154347,156239
131235,156560,154245,155920
132073,157884,153961,156364
129423,156191,154025,156444
130847,156469,153313,156368
130381,156513,152899,156298
128952,157465,152527,156458
137878,155648,157254,165961
138573,157691,156592,167068
140045,155494,157465,166804
137322,157028,156885,166182
139544,156519,157572,167376
140784,157815,156763,165348
136908,156305,157455,165352
139110,156003,157755,165864
138040,156160,157076,167350
138555,156405,157804,166438
139305,156479,156444,167081
139145,156787,157853,166820
137352,156258,157586,166315
138168,155949,157787,166954
138263,156836,156884,167170
138196,155857,156817,166399
138714,156574,157444,166281
137781,157772,158035,166682
138664,156586,157828,166403
138199,157484,157804,166553
142946,158004,158561,166311
145000,156495,159273,166759
143852,156208,159468,166627
143139,157366,159359,167009
146948,157226,158619,166414
142714,156620,159740,166840
142569,156390,159282,166332
143034,156259,159348,166805
145159,156863,160546,167506
146003,156497,159414,166623
142186,157094,159575,166535
142285,156690,158638,166368
143183,156360,158774,166909
144451,154938,159181,166813
143076,157163,159629,165921
143463,156834,158872,166480
143468,157462,158322,167096
144017,157160,159835,165650
143488,156806,159249,167645
144179,156378,159929,166937
146788,155804,160570,166988
146906,157061,160579,166835
148017,156625,161781,167411
148685,156433,159692,166988
149951,157901,160664,167181
148225,155828,160273,167399
149205,156603,161414,167774
147749,157834,161466,166679
147358,157445,160082,167238
148078,157180,160117,167335
147250,156656,161747,166767
146026,157341,160250,166630
150375,156829,160764,166483
145970,156261,161414,167060
147232,156744,161352,166673
146876,156773,162169,167157
147368,156958,162628,166741
148303,158326,161379,166435
147655,157152,161276,166849
147808,156828,160646,166705
152490,156523,162480,166473
150741,156100,161627,167188
151880,156832,162404,165985
152247,157186,162352,167028
151376,156846,162324,167269
151649,155834,162632,166177
153951,156579,162788,166162
150478,157819,162169,167108
151813,157229,162147,166430
151418,157436,162897,167316
153084,156570,161578,167716
150495,156611,163127,166629
153174,157062,162104,167089
152657,155855,161402,166423
151972,157116,161894,166762
149785,156387,161175,167406
151350,156637,163369,166904
150754,156518,161623,166451
150766,157144,162570,167603
153116,155785,161240,167442
155453,167192,163236,166263
154359,167312,163042,167718
153771,167272,162836,166842
156459,167499,164630,166523
153940,166822,163528,167487
154478,167784,163816,166561
156150,167757,162507,167522
154817,167203,163231,167283
154765,167318,163347,166974
156063,166332,163897,166693
154671,167457,162247,167243
153683,166751,163935,165822
151942,167198,165152,166292
154672,166911,163181,167036
154563,168108,163512,166681
153851,166916,164007,166660
153010,166863,163285,167792
154933,167310,163693,167093
154170,167693,163038,166490
154451,167456,163174,166293
156586,167792,164429,166484
156793,166885,163652,167924
155396,167249,164639,165886
156158,166452,164104,167147
155552,166464,163338,167164
157162,167487,164664,166909
158418,166505,164217,166579
157416,166689,164015,166894
157313,167071,163937,167496
156689,167146,163954,167885
157100,168313,164953,167262
156931,167836,163519,166865
154944,166338,164996,165495
158336,167150,164012,167534
156812,168274,163683,166710
155959,166999,164383,166988
156516,165891,163590,166628
158036,167394,163455,168083
157007,166685,163552,167470
157052,166537,164040,167702
158830,166504,164038,167463
158723,166521,164489,166758
158316,166376,164495,167012
158408,167294,164758,167077
158277,166085,165189,167716
158995,166882,165076,167503
159614,167118,164286,166886
158597,167094,164992,166535
158115,166879,164106,167471
157914,166140,163748,167693
159149,166619,164981,167273
157891,167450,166072,168308
159479,166659,164856,167030
159251,167842,165185,166579
159681,166689,165132,168069
158157,167817,164057,166905
160332,167026,164546,166914
158849,165671,164549,166859
159094,167778,165383,166523
157770,166969,164823,167145
160552,166979,165062,167680
159776,167003,165927,167063
159887,168342,165656,167084
160313,166875,166007,168208
160601,167348,164752,167311
160469,168214,166182,166251
159437,166436,165911,167625
160342,167314,166470,167312
160740,166640,164787,167707
160910,167679,165573,167663
160330,166849,165668,168140
159042,167557,165935,167209
160400,167263,165705,168705
160304,166958,164913,166995
159294,166647,164483,168522
160887,166651,165187,166581
160776,166423,165782,166563
161248,168045,164592,167173
159081,166925,165156,166867
159936,167011,166386,166892
161256,167023,165804,167163
161391,167415,165072,168056
161065,167140,165946,168015
160925,166855,165634,167181
160460,166566,165452,167338
162069,166047,165763,167718
160991,166349,165283,167626
162195,166959,165175,168038
162598,168201,165947,166904
160665,167658,166455,166726
161033,167335,167093,166851
161942,167623,166613,166257
160474,167859,165598,167430
161155,167971,165010,167484
162443,167398,166540,167716
161858,167525,165453,167225
161177,166586,165615,166686
159940,166586,165198,167385
163195,168163,164956,166693
161252,166766,165921,167496
162466,167432,166590,167783
161090,166902,167050,166816
162448,167127,165245,167615
163576,167539,165459,167933
163485,167162,164671,167617
163817,167022,166444,167685
163708,166742,166791,167230
162362,167370,166310,167649
163110,167552,166186,167330
162401,166988,166185,167379
163290,167415,166485,166724
162136,167615,165788,168729
162770,167556,164887,167007
162539,166543,165796,166778
162677,166593,166000,166917
161504,167121,165454,167752
162937,167658,165948,167488
163593,167501,167007,167331
162243,166442,165879,167397
163331,167457,166882,166884
164684,167484,167360,168241
163416,167854,167056,167373
163164,167328,166688,167068
162711,167418,165772,167957
163002,167416,165694,166682
164000,167924,166243,167487
164885,167664,168453,167526
164006,168159,166425,166214
164739,168040,166200,167374
163955,167066,167429,168116
162790,167188,167053,168154
163247,167813,167261,166558
163696,168028,165916,166742
163959,167517,166007,168465
163176,166887,166277,168461
163447,167059,166405,166464
164226,167478,166952,166533
163680,167609,165603,166818
162943,168232,167137,168524
163368,167473,166358,167711
165209,167335,166733,167622
164049,167983,166717,168005
163995,167595,166398,167095
164470,166764,166398,166375
163535,167018,167514,168147
164102,166946,167472,167971
165180,167163,166586,167730
163793,167600,166682,167641
164160,167244,167826,167202
164821,167547,166546,165961
163647,167791,168004,167102
164976,166825,168116,167240
164847,166607,165412,168097
164292,167133,167113,167115
163921,166961,166733,166450
164727,167577,166409,167150
163895,166763,165749,167932
164671,167436,167671,167470
163733,166855,167322,167541
163884,167746,166929,166594
165503,168101,167580,167082
165024,166826,166357,167545
165084,167499,167777,165687
165976,165946,167422,167408
164477,167506,166377,167805
163898,167657,166436,166404
164213,167709,167704,168514
163613,166738,168296,167586
164037,167690,167593,168011
165191,167601,166790,167037
163819,167502,168239,167395
165233,167116,166802,167401
165158,167412,167304,167599
165963,166872,166637,166536
165123,167866,166653,167418
163592,166780,166453,166596
164467,167924,167852,166458
164796,166739,166334,166563
165029,167894,166827,166778
163630,167040,167532,167640
166006,167117,167892,167337
165226,166688,167880,166429
164111,167452,167772,166519
165129,167325,167784,168404
165473,167902,167968,167858
165897,167402,166493,167074
166041,166884,167546,167206
165048,166923,165716,168010
165618,167162,166011,167238
165782,167515,167130,166637
166314,167960,167208,165993
165502,167128,167008,167483
166604,168276,168021,167419
165719,167909,167027,168203
166022,167177,167535,167994
166537,167810,166661,167107
165905,166499,166737,168482
165371,167141,167254,166641
164778,166809,166648,168070
165926,167566,167153,165993
166608,167667,166672,167592
165294,166787,168274,167820
167229,167687,167706,168060
166174,168011,167030,166630
165923,168392,168067,168280
166115,167357,167412,167873
164589,167903,166389,166449
165070,167504,167481,167745
164947,167148,167212,167398
166367,167262,167537,166810
166510,168296,166618,167857
166472,167783,166984,167366
165453,167867,166862,167286
166717,167738,168161,168416
166306,167826,167935,166137
166201,167386,167600,167662
165380,167452,167969,166756
166025,167051,168328,167670
166101,168018,167052,167517
166449,168041,167022,167467
166159,168312,167383,167283
166085,168619,167776,168229
166212,167067,167954,166926
166417,167483,168230,166701
166779,167887,166729,167504
167236,166759,167066,166889
166735,167247,167735,168069
166390,168127,167413,167081
166139,167229,166902,167915
167077,167353,167971,167148
166800,167149,168477,166292
166739,167555,168660,167712
165333,167438,167865,167017
166450,167456,167022,167294
165858,167412,167184,167287
165637,166401,167887,167699
167273,167829,166365,166620
166620,167552,167690,167325
165992,167890,168591,166920
165736,166548,167298,167012
166991,167363,167395,168300
166564,168400,167400,168551
166902,169405,166420,167475
166685,166741,167948,167828
166343,167312,166624,167446
167786,168271,168007,166534
166094,167218,167561,167284
166950,167799,168233,167361
166485,167044,167752,167581
166939,166805,168083,166372
167743,167746,167321,166812
166974,168168,167770,169187
167888,167956,167649,167466
168092,166887,167082,167275
166168,168192,167442,166623
166665,166727,166129,167579
166420,167530,166870,166623
168244,168484,167944,167195
165969,167588,166687,167088
166968,167243,167186,166604
167531,167402,169524,167096
166419,167254,167317,168462
166049,168247,168473,167137
166039,167221,167129,167380
166758,167136,167877,166760
167794,167942,168072,168103
166116,167354,167611,167953
165902,167913,167385,167616
165693,168210,168225,166988
166804,167277,167854,166990
166805,167242,167826,167161
166899,166797,168103,167727
166473,168489,168201,167947
167072,167711,168248,166426
167249,167432,167091,167410
166296,166999,167575,167584
166225,167779,168072,166775
167361,167047,166744,167044
166872,168049,168210,167408
166156,167427,167029,166893
167377,167589,167294,166195
167089,166990,168052,167879
166466,166884,168547,167432
165729,168042,168343,168058
167244,166882,167144,167162
166571,167804,166994,167143
167328,168006,168492,167883
167014,167838,167114,166476
166935,167188,167623,166864
166003,168010,168160,167615
166405,167210,168506,167492
167484,167426,166512,167274
167067,166811,167154,168385
167333,167228,167952,167186
167291,168437,167137,166824
165669,167678,167996,167132
166692,168287,167614,166816
166911,167952,167439,167511
167821,167347,167429,166681
166801,166946,167250,167847
167970,167454,167433,167626
167314,168568,167990,166704
167640,168164,166897,167185
167548,168332,168011,167179
166763,166814,167424,167637
167008,167831,166676,167520
167249,168007,167207,166233
166684,166751,168355,167162
168561,167988,167957,168147
168054,168430,168724,167642
168233,167615,167607,167247
167210,167529,168574,168204
166306,167083,166905,166978
166734,166776,167573,167736
167202,167574,167342,167151
167076,167552,167616,167353
166760,167872,168015,167472
166981,168288,166616,165948
166293,167803,168602,167046
167437,167453,167026,168045
167916,167639,168598,167844
166888,167517,168381,167249
166522,167546,167249,168605
167524,166303,167887,167067
168121,167810,167453,166772
168323,168003,167394,168354
166457,167105,167171,168040
166787,167012,167775,168559
167036,167375,167858,168091
167845,168309,168683,166952
166878,168047,167269,166775
167611,166836,168225,167046
166721,167252,166713,167281
168084,166822,167505,168326
168107,168030,167008,168125
167753,168148,168231,166201
167953,168099,168335,168185
167663,167467,167601,168256
167610,167389,167470,168049
166924,167404,166716,166336
167458,168431,168683,167222
167518,167348,167788,166489
167338,166564,167858,168045
167242,167774,167649,167963
167381,167835,167355,168152
166966,168491,168671,167845
167587,167865,166666,167839
166248,167152,167357,167255
167980,167928,167915,168029
166886,167387,167835,167161
166622,167587,167234,167712
166403,166995,167966,166907
168062,167413,167861,167613
167600,167126,168502,166751
167310,167745,166994,166789
168065,167433,169762,167190
167682,166624,168148,166595
167880,167915,167170,166976
166904,166448,167918,166306
167484,167274,168763,168757
168266,168631,167936,168530
167429,168546,167857,166477
167621,166639,168318,166880
167351,166769,167677,167971
167569,166901,168283,167164
168453,168129,167481,167721
167479,166160,168758,167266
167732,167040,167853,168382
167585,168072,168219,167509
167254,167602,167832,169426
167556,168201,168281,167635
167916,166896,167731,167372
167332,167478,167276,167306
167682,166586,167694,167357
166132,166852,168963,167240
168623,168358,167828,167583
166686,168121,167761,167494
167586,168612,168186,167717
167313,166874,167451,167165
167533,167020,167199,168459
167443,167801,168070,168411
166768,167379,167860,166988
167183,167388,167343,167500
167073,167449,167053,168337
167679,166590,168280,167837
166478,167108,167902,166837
167683,167351,168009,168073
168665,167916,168350,167401
168638,167941,168354,166522
168558,167711,168016,167667
167616,167588,169006,167745
167510,167659,167181,166854
167209,168355,167804,167628
168386,167267,166825,167908
168375,167000,167886,167831
166354,168769,168029,167738
167912,167953,167283,167690
168113,168352,168316,167353
167617,167763,167640,166609
167201,166814,167415,167365
